time,meas_r_x,meas_r_y,meas_v_x_dot,meas_v_y_dot,state_z
0.0,-0.006159498137869519,0.28544460738878946,-0.00014874718298371614,-0.07355784903251614,0.401
0.010147571563720703,-0.03007204622286313,0.03171804163935101,0.12609016058473932,-0.07283208465805553,0.401
0.020339012145996094,-0.0018422356654137079,0.2548876952467599,0.04474368572093347,-0.08526010685940975,0.401
0.030522584915161133,0.11129427151079888,-0.03407331187100062,-0.04744702284188848,-0.10348869677409055,0.406
0.04072403907775879,-0.22024526755714743,-0.022874356860814276,0.005655904804896146,-0.033024485198725834,0.406
0.05092048645019531,-0.12319342091662921,-0.07634402641604514,0.07417667160531081,-0.09474229638513326,0.406
0.061095476150512695,-0.04525089798589287,-0.1472170528998767,0.049890785039945165,-0.1815215524162657,0.406
0.07126903533935547,0.001401336873160195,-0.25484885467135704,0.03186016255770438,-0.09663014203002014,0.402
0.08142447471618652,-0.04259079580103096,-0.7451628143219031,0.10211874443307992,-0.07508092326010012,0.402
0.09159469604492188,-0.2048723734837267,-0.5584382378968323,0.10667288085050415,0.015037388801400806,0.402
0.10173487663269043,0.04010781522095434,-0.7587278768651173,0.0749795785769476,0.0644071038298446,0.402
0.11192607879638672,0.029686557921079215,-0.7388215730695212,0.036626164250121045,0.17285222559667407,0.402
0.12209725379943848,-0.04971024630898145,-0.4771501204380507,0.09664799423507922,0.15478104991971983,0.402
0.13223648071289062,-0.18318944901238005,-0.41847604942906275,0.05320987043310818,0.1889803086431311,0.399
0.14237141609191895,0.18663260990532296,-0.4180444973210401,0.03458755240114184,0.1281744620259757,0.399
0.15250635147094727,-0.03953833890144594,-0.4093104786603219,0.010835590202399652,0.17375141982015968,0.399
0.162644624710083,0.08512751956011141,-0.37995609515782686,0.08013463945571675,0.2738629515363607,0.399
0.17278099060058594,-0.18745528356116137,-0.38269587278538986,0.08042921476860242,0.2435338597292016,0.401
0.1830003261566162,-0.023630726683467516,-0.37545168095071435,0.02099666629121518,0.21426566877386827,0.401
0.1931610107421875,-0.207725023395005,-0.39152160422637405,0.04673671224100584,0.2746537792967295,0.401
0.20332002639770508,-0.006132495183091622,-0.18992907601446066,0.04673671224100584,0.2746537792967295,0.401
0.21347737312316895,-0.009403564622731739,-0.37740814070968015,0.07735299812623181,0.3693474756699243,0.401
0.223616361618042,-0.08969287832667146,-0.07279139257200283,0.0696836453199761,0.32604106435023306,0.401
0.2337489128112793,-0.052845487563677795,0.04521203108677027,0.06611264037640327,0.35393578797589553,0.403
0.24395203590393066,0.04881492616460915,0.15430497933899778,0.0029975029607757658,0.3597483765939826,0.403
0.2540905475616455,-0.01626284891744674,0.3734857167624298,-0.015894298830833403,0.2631352891848537,0.403
0.2642238140106201,0.016803235916145038,0.24077841596528843,0.09807681986092978,0.2905982818098716,0.405
0.27435755729675293,0.04502175794276835,0.1253484996153259,0.14751116214002374,0.3201196709151891,0.405
0.2844889163970947,-0.16286456618389755,-0.13702457884027464,0.05198472991185023,0.26139469528973786,0.405
0.2946200370788574,0.06746128959671609,0.3139003962968595,-0.012676679349532635,0.3604077542393913,0.405
0.3047637939453125,0.0058881699481439015,-0.2985341548205816,0.030049543143565057,0.34603459001218545,0.405
0.31491899490356445,0.046951459153373155,-0.08634311525955755,0.05084198048772916,0.3814236310460627,0.405
0.32506346702575684,-0.06367915878909361,-0.014022104274132427,0.15127438981299016,0.3761075868122409,0.402
0.3351938724517822,-0.15285530209355552,0.22246252949634318,0.10768512590812152,0.3120798400356464,0.402
0.34532761573791504,0.042075190061998224,0.032460178142992485,0.032947612495418686,0.2811090779406454,0.402
0.3554573059082031,-0.07210203307201728,0.4782112472482745,0.019855891333596762,0.3757006526824863,0.402
0.36559009552001953,-0.008135967228270351,0.029786236521417164,0.08902789589633504,0.3962917105345243,0.4
0.37572693824768066,-0.0016596160174343559,0.40976408732265984,0.11124634438145273,0.3079478502591948,0.4
0.3858795166015625,-0.031211318233555326,0.2528487521992343,0.048701141998812356,0.2382925374178687,0.4
0.3960716724395752,0.06666629659545861,0.0699634799308131,0.025941090476105527,0.27298082561445164,0.4
0.4062461853027344,-0.14627956379882004,0.4428907472728077,0.0805555417510567,0.2924971718385102,0.4
0.4164273738861084,-0.017315234265125438,0.2895846149609555,0.16790004626125576,0.34357868709905903,0.4
0.4265785217285156,-0.19683670375730047,0.2737658884103239,0.14591633929955009,0.3241279219704178,0.405
0.4367377758026123,0.014744969155580783,0.6805180190469656,0.05347507297907811,0.249787472310377,0.405
0.4468846321105957,-0.009767706649199577,0.11277469889947539,0.037970088779653445,0.20902144907749162,0.405
0.45705294609069824,-0.05801684792080658,0.7219180708539759,-0.01682228862023643,0.23233038313897006,0.405
0.4671955108642578,0.0006774015607353987,0.3231453381864595,0.029122795432776117,0.22646869364850455,0.402
0.47733211517333984,0.05437408412050717,0.49315863268351057,0.06600909192626503,0.27046673162577056,0.402
0.4874756336212158,-0.07076588370454874,0.9160385043710852,0.05603459563542225,0.26878195235477287,0.402
0.4976067543029785,-0.2072776279109446,0.3533165973455704,0.13691944107014795,0.23539055984229215,0.402
0.5077369213104248,-0.016156795764521885,0.7210341012933117,0.05946700059556287,0.19599662282777425,0.402
0.5178723335266113,-0.2530047262312046,0.30839596272647024,0.009320360467630486,0.17737418507887842,0.402
0.5280194282531738,0.09575754033742749,0.3754267832130488,0.035308383379258984,0.12660448687754347,0.405
0.5382025241851807,0.08103809614969522,1.1577515288400302,0.018565262507408364,0.19949458869697903,0.405
0.5483481884002686,-0.1511698352517122,0.14557828234205347,0.08055100784673858,0.19005895778772397,0.405
0.558506965637207,-0.16754756319319775,0.11934130342057604,0.033022929579011345,0.207147358157368,0.405
0.5686635971069336,-0.06877526628520257,1.1501834489136982,0.025340569520288073,0.10113857839642978,0.403
0.5788247585296631,0.014067584686223114,0.2746634603554077,-0.022790749032819958,0.06179420544473864,0.403
0.5890848636627197,0.03838425447163205,0.7272217422336641,-0.026470384960473284,0.10673284487314126,0.403
0.5992393493652344,0.011061886104368344,0.3108708159208121,0.023303610380606233,0.09896458931009339,0.403
0.6094264984130859,0.04965598319804066,0.5552383920315261,0.02665257662073741,0.179950866611158,0.403
0.6195828914642334,-0.13612617368266094,0.942935258783507,0.0335266990711164,0.10452607196879224,0.403
0.6297430992126465,-0.25434342258330056,0.3899577901946723,0.05233423338834438,-0.01796854711793507,0.404
0.639916181564331,0.04889202279241095,0.7500104888082597,-0.008353481408175455,-0.038138457492898264,0.404
0.6501882076263428,0.0433599392606159,0.5304690096425553,-0.02621415611074941,-0.046046078678274795,0.404
0.6603596210479736,0.053620339465516934,0.4825735401046554,-0.008170373375204619,0.034354458234994334,0.404
0.6705498695373535,-0.29249752315684574,0.30342260608163085,0.08492316472013581,0.032884246382731616,0.4
0.6807596683502197,-0.029670047039532067,0.5125270067879825,0.09153658671768616,0.03041284771227093,0.4
0.6911072731018066,-0.03755009842046683,0.6296876123183166,0.05502033376011445,-0.03434188318320237,0.4
0.7013211250305176,-0.016930951787145432,0.30573739246592574,0.02893912438951285,-0.10595314117672709,0.4
0.7115252017974854,-0.16685651099812265,0.4771774100323531,-0.057440208765138445,-0.09265608672861658,0.4
0.721724271774292,-0.41009316532439993,0.2881254036096281,-0.057363940966525785,-0.11861380062708088,0.4
0.7319228649139404,0.1505185231993592,0.7125482851604156,-0.0006539861515423226,-0.08337920773540179,0.404
0.7421071529388428,0.07070024349301089,0.48379141897373107,0.06389413498929054,-0.05494553928496787,0.404
0.7522780895233154,-0.05130452814574196,0.49026470508196834,0.06927422427192065,-0.0011991452691629961,0.404
0.7624571323394775,-0.4384053785521181,0.03150310620040684,0.024773329920041463,-0.0595388305628963,0.404
0.772648811340332,-0.06933961661346501,0.4048496872592385,0.009964431499794701,-0.19998667246748145,0.405
0.7828309535980225,0.04021570247126974,0.5373385293377483,-0.0023497646977031633,-0.1020996836821539,0.405
0.7930474281311035,-0.0492202513638622,0.5331203122670817,0.005373200419652759,-0.08836966403199925,0.405
0.8033614158630371,-0.025447658675558996,0.4935063954770643,-0.011677073017858489,-0.06791823214847148,0.405
0.8135497570037842,0.0027420718128985133,0.293911464004217,0.022579807298979074,-0.06551993541128415,0.405
0.8237357139587402,0.042332846684723834,0.23984989446704788,0.08970213951526994,-0.13502056366987206,0.404
0.8339264392852783,-0.20137520285811603,0.5138486649952373,0.07044357617112931,-0.1933965661518977,0.404
0.8441112041473389,-0.1314692810276507,0.4456153685288664,-0.02420069066196677,-0.14567240979377719,0.404
0.8543534278869629,-0.025366362643628373,0.4786957355585587,-0.03651216490858538,-0.13525741064071864,0.404
0.8645141124725342,0.006203236982004922,0.43182715717485876,-0.025725954048569165,-0.09739744347858394,0.403
0.8746774196624756,-0.06682891884865884,0.42661791933290366,0.034245796481029475,-0.10455079721024432,0.403
0.8848371505737305,-0.1831664194340591,0.2032607417121677,0.07653378683937606,-0.12358969419200119,0.403
0.8950197696685791,-0.0747801062516849,0.22828448496912623,0.08120235006082016,-0.21783407240157004,0.403
0.9051921367645264,0.015940358106106424,0.23632390945016404,0.003193212400451166,-0.16990344051196798,0.403
0.9153537750244141,0.05938049757225873,0.44418717127859825,-0.03194177271464241,-0.14162703834373513,0.403
0.9255123138427734,-0.22466489855726002,0.30509143095284835,0.024663903663000163,-0.058459737261268435,0.407
0.9356696605682373,-0.02742442871006731,0.46366847216135104,0.02816141732473495,-0.11909243820792964,0.407
0.9458568096160889,-0.03647633601147364,0.22421526961431873,-0.015507558073360031,-0.12240695463343433,0.407
0.9560308456420898,-0.0012667211248864295,0.4113665984082659,-0.020356318845803717,-0.20916461463468494,0.407
0.9663186073303223,0.027751328725685,0.4050018076551481,-0.017779696863594232,-0.18240347582330027,0.397
0.9765191078186035,-0.4441833266442764,0.007401019600257692,-0.024798331912239006,-0.14279328113623369,0.397
0.986699104309082,-0.02071556181039905,0.23852117564949046,-0.002266135264920234,-0.12657262585437873,0.397
0.9968860149383545,-0.038309270243196344,0.08339992284565191,0.03307461038908969,-0.15074378803059502,0.397
1.0082004070281982,-0.023961752879556136,0.04757557499996957,0.04003352202021464,-0.1369400914449443,0.397
1.0188021659851074,-0.03281775642768488,0.26658564504992166,0.01685512898670239,-0.19390501703653318,0.397
1.0290741920471191,-0.0419671929546794,0.25455665794471855,-0.01129803446842068,-0.29781868639605164,0.4
1.0392768383026123,-0.0040407674872463125,0.4694821149393065,-0.06974165970008175,-0.2760681787738184,0.4
1.0494749546051025,0.036943964759595306,0.2507395814468661,-0.05410108344981041,-0.2514400859191342,0.4
1.0596473217010498,-0.29319670534070313,0.4393152398392346,0.009772067655711696,-0.18916977823412795,0.4
1.0698130130767822,-0.039308011247228505,-0.012019352099876425,0.048204844915333944,-0.13747028784460413,0.395
1.0801177024841309,0.24455846127812786,0.38781648121458473,0.038101282453054885,-0.14423580372972958,0.395
1.0910661220550537,-0.05574121897452832,0.06424563077020348,0.04360444017057347,-0.17771796298023532,0.395
1.1012861728668213,-0.23098077425119873,0.03268166386270295,0.03666974514048918,-0.19690030561926644,0.395
1.111466407775879,-0.04160579819093545,0.443399030360249,-0.0237130139712874,-0.28591010857990584,0.395
1.1216588020324707,0.27867678563740567,-0.01278005073877286,0.013948968659828531,-0.28470423483677243,0.395
1.13185453414917,-0.1920201940471007,0.41405126937808484,0.01329036646349592,-0.22289635121544857,0.396
1.142042636871338,-0.07624513276177979,0.08774524053894656,-0.06258714860727953,-0.26347477845555595,0.396
1.1522154808044434,-0.004020945637915859,0.4436963508988594,-0.023302177821461482,-0.2887127319573576,0.396
1.1623790264129639,0.05563877556060293,0.25162558005430763,-0.09117810904296954,-0.20919507199203988,0.396
1.172546148300171,0.06084421467986386,0.2466702696609158,-0.07793411290535313,-0.17892370004382174,0.396
1.1827094554901123,0.013853703223483834,0.2427378736302661,-0.02658030632134527,-0.12024569121346118,0.396
1.1928741931915283,-0.02193703152379106,0.09483088515507397,-0.05467442796140258,-0.1395365431140876,0.396
1.2033360004425049,-0.08504407544127474,0.2320686241080616,0.01656432233754905,-0.23801687728634566,0.396
1.2136635780334473,-0.0894688661879201,0.05123661029900767,0.12810771623833947,-0.2663903177060486,0.396
1.2238569259643555,-0.030266356880007866,0.014402587387222124,0.11279362074393678,-0.2530414989038012,0.395
1.2340445518493652,0.06764920157291299,0.005183324723084556,0.0713004123713358,-0.2141511907535733,0.395
1.2442278861999512,0.0006585697989191918,0.224170572266627,0.06791235440407617,-0.19269091819857526,0.395
1.2544035911560059,0.04826946100093511,-0.002574935611995976,-0.0155319277133209,-0.28174693004815077,0.395
1.2645680904388428,-0.019414573290517625,0.30238277074598724,0.006218444643284478,-0.30529099705023266,0.398
1.2747323513031006,0.009879347815056365,0.05707599179884084,0.006928755206280793,-0.24719575117624432,0.398
1.2848904132843018,0.0033620505885713432,0.25463859171252756,-0.09082667638482492,-0.22879542791593216,0.398
1.295151948928833,-0.13868865767062102,0.25124239103904883,-0.052522019352485565,-0.25601844669461676,0.398
1.3053054809570312,-0.056900053996851,0.019655284497816842,0.017600349525626682,-0.2505914266400418,0.398
1.3154776096343994,0.00395533954261933,0.007484804359521884,-0.0036923569326819013,-0.22533586358218466,0.398
1.3256385326385498,0.05053485236038515,0.30670585365840713,0.03413114236046601,-0.26111505334030577,0.398
1.3357999324798584,-0.105399138220031,0.08932122650804802,0.09004625712074936,-0.2868005600296055,0.398
1.3460726737976074,0.05229379684717757,0.23285684649157057,0.07511338247343707,-0.27541210884731715,0.398
1.3562519550323486,0.009820997771135436,0.02435077587289369,0.0693307329075494,-0.3064645768329387,0.398
1.366424322128296,0.03476136781778888,0.024332107766058188,0.03704679488228804,-0.2919564550091232,0.395
1.376598834991455,-0.009565874238418749,-0.02263190586081195,-0.009546412227699775,-0.2916446085955301,0.395
1.3867661952972412,-0.21809320950967795,-0.03164729090616736,-0.02412732664310114,-0.29202189975513715,0.395
1.3969318866729736,-0.09824406290279997,0.02013626151902547,-0.02621081463443742,-0.19209590683295447,0.395
1.4072237014770508,0.037542670309063324,0.12292032742964115,0.04349668769047417,-0.2385646022957364,0.395
1.4174323081970215,0.03595489392337739,0.06894190613229062,0.06670279887983102,-0.25495222581467436,0.395
1.4276044368743896,-0.005647303618614525,0.019028088703714356,0.1134794717354094,-0.28205696301660743,0.402
1.4377644062042236,-0.024865741465987558,-0.06929887807184125,0.03743934683265518,-0.2941555050336147,0.402
1.4479296207427979,0.0015867734595979292,-0.12749906955851237,0.037138684299145866,-0.23594307358024233,0.402
1.458214282989502,0.05512163641877106,-0.2681676412384741,0.034224049525386886,-0.2379163094761402,0.402
1.468432903289795,-0.039826560866834636,-0.24744407864451023,-0.0029320627187674406,-0.2710182730435787,0.398
1.4786169528961182,0.027401439718851544,0.008496639017656394,-0.008025603420474156,-0.24469588518918262,0.398
1.4887793064117432,-0.005985569192009876,0.03090344805384514,-0.007787732876567957,-0.26804207769558236,0.398
1.4990451335906982,0.05275796265836635,0.03150681369264728,0.019862770349355158,-0.24275278472351972,0.398
1.5092387199401855,0.013856927904645133,-0.14231054194086717,0.047042812617461925,-0.22689518700589104,0.398
1.5194180011749268,0.022364391439034324,0.05835480393935126,0.07274017990309928,-0.20343373895847291,0.398
1.5297176837921143,-0.035194657814118055,0.04506968330517062,0.10400911132186458,-0.2289830667168798,0.405
1.539914608001709,0.006814199335928162,-0.1492054308223705,0.0593624090971436,-0.21479515405993427,0.405
1.5503361225128174,-0.031519033981157865,-0.008919222201375348,0.0357669082363601,-0.273862163681661,0.405
1.5605416297912598,0.06238796815061219,0.019797254000669756,-0.05853729447073845,-0.2644327309661799,0.405
1.5707190036773682,-0.08526315517947063,-0.20814700693322993,-0.0033242936275087263,-0.2775535868590605,0.397
1.5808966159820557,-0.09274469613898924,-0.029019312218326515,0.009963314145591862,-0.2625193469410993,0.397
1.5910828113555908,0.2312090103830198,-0.2157534596753859,0.017624400990505232,-0.18775970765327724,0.397
1.601269245147705,0.02690965582797485,-0.22630156647778712,0.07058670753536876,-0.19198827607721716,0.397
1.6114513874053955,0.16162272209519293,-0.1836477469658183,0.06517841024138434,-0.2007961673678408,0.397
1.6216213703155518,-0.16220653917281722,-0.005889052723737827,0.11553840582473324,-0.2218202019665672,0.397
1.6317920684814453,0.16248809739346287,-0.43834359059089606,0.016188648315931413,-0.30215190947728987,0.4
1.641968011856079,-0.0016954246559341278,-0.18199844292601455,-0.0293790290562068,-0.32066297451399717,0.4
1.6521918773651123,-0.04057928675432748,-0.5561549105105279,-0.014663687527316659,-0.24124597836014597,0.4
1.6623690128326416,-0.2034134956981913,-0.47996459704446537,-0.04937563873745894,-0.2292843683052203,0.4
1.672544002532959,0.19930580235343553,-0.2786307381331403,-0.0465737230085438,-0.2008849296122514,0.405
1.682814359664917,-0.041164683556890375,-0.19273378273736283,0.004835858646642836,-0.12237288024862913,0.405
1.693070888519287,-0.08363287454384674,0.10336863871336763,0.03062327315972585,-0.2297876681731395,0.405
1.7032504081726074,-0.06585054542704506,-0.10818719428216318,0.05143263485817114,-0.20177761188444385,0.405
1.7134456634521484,-0.01087868672045771,-0.059872418855820196,0.09849720148316544,-0.24592959251778035,0.405
1.7236402034759521,0.04747110534104252,0.07387902966438885,0.11566754721130955,-0.18940866059351466,0.406
1.7338290214538574,0.033060862579673334,-0.2038368961935433,0.11002557772640315,-0.20042930786392818,0.406
1.744093656539917,0.01096446402722719,-0.21063868709881053,0.1252195461084772,-0.24586643778414874,0.406
1.7542850971221924,0.08517485907292115,-0.3738480739557952,0.09429673198234881,-0.17580109331313604,0.406
1.764460563659668,-0.11278927619626708,-0.13786913892425148,0.006453844005487805,-0.22353600141248947,0.401
1.774634838104248,-0.05546844771050845,-0.18882623034632717,-0.001584627795186715,-0.31283320463032593,0.401
1.7848072052001953,0.03689775217802199,-0.2115031440660111,-0.0013760238333002661,-0.2902802669451261,0.401
1.7950465679168701,0.17641920496979566,-0.58449157882574,0.024987121155094605,-0.249557080794518,0.401
1.8052895069122314,-0.03505162619677961,0.009567797262406377,0.02935643717334974,-0.2641919020058667,0.401
1.8155031204223633,0.12014533594465392,-0.1607687440799567,0.044412743273244085,-0.23447149598443479,0.401
1.825697898864746,-0.055157155600088596,0.014170528594574157,0.049788490931482285,-0.24627951995696723,0.403
1.8359010219573975,-0.0055562779258770175,-0.8402602227649293,0.13801576768070487,-0.265564297686538,0.403
1.8461034297943115,-0.05400006442537918,-0.8465466150379185,0.13990756363394571,-0.20344759213890198,0.403
1.856351613998413,-0.11301145715650629,-1.2300301613305509,0.12598174420624425,-0.190290946996773,0.403
1.8665275573730469,0.0498015249626331,-0.6249263787921284,0.1393078907352686,-0.06175187239487176,0.401
1.8767025470733643,-0.041565708882985296,-0.8694890363815176,0.0948537120308652,0.01667336809371045,0.401
1.8868775367736816,0.02658816014484332,-0.27368851708400976,0.09299566922201363,-0.013565591845839164,0.401
1.897078275680542,0.09628967802126041,0.07964336684369035,0.1641785505700617,-0.11523627671100721,0.401
1.9073081016540527,-0.024306846810136937,0.21048130567551493,0.13951632086258503,-0.20637079506395845,0.401
1.9174818992614746,-0.0006356662476332924,0.13968079296369842,0.09990346204372419,-0.14787393394902174,0.401
1.9276514053344727,0.002402883068102,-0.07562150226075265,0.061235280590485996,-0.17701844385427826,0.401
1.9378268718719482,-0.06168981502026052,0.08048704024970982,0.029291599640422872,-0.1560469048052124,0.401
1.9480705261230469,0.053470732612047114,-0.5211734061355382,0.04107984005731692,-0.21980921708252335,0.401
1.9582693576812744,0.013989434647500664,0.1480082813344169,0.050429001208748325,-0.152415146165968,0.401
1.96844482421875,-0.010700605981259234,-0.356244256222076,0.07707376801255011,-0.1964876235388435,0.399
1.978668212890625,-0.028516340227778773,-0.4276016510665525,0.10791703599368332,-0.18329008572258143,0.399
1.9888474941253662,-0.024036445532340307,-0.410773158386572,0.08929713168501065,-0.1328809964213248,0.399
1.9990556240081787,0.027277995909515466,-0.19056233069433998,0.132276044049013,-0.17444216104710872,0.399
2.0092453956604004,-0.028284573567568035,-0.12247404961098667,0.19743229313726604,-0.189076912706994,0.399
2.0194289684295654,-0.02018234950411092,-0.3632056327486235,0.11683891625231152,-0.1348895083227326,0.399
2.029639720916748,0.042922780865056936,-0.5003570468675251,0.07446888192611675,-0.22690805215644666,0.404
2.039862632751465,0.019120312684113894,-0.5695870899689935,0.05329124209642611,-0.31667654827691616,0.404
2.0500802993774414,-0.1594809406638567,-1.5451661078570946,0.05909906041511938,-0.23342396348007988,0.404
2.060256004333496,0.05145709063160363,-1.130963969259109,0.05547071715635364,-0.07878031322399662,0.404
2.0704760551452637,-0.37156106194069954,-1.428537461041615,0.051651147998148725,0.08690263453847932,0.399
2.0806562900543213,-0.049029023929161177,-0.34328474057242825,-0.030441370593091054,-0.02784436852432573,0.399
2.0908284187316895,0.04267310875764524,0.07666108124061925,0.020503149681894935,-0.04283902580169044,0.399
2.101088285446167,0.3166937348948551,0.07912503836881661,0.04318891874796214,-0.03086130346414201,0.399
2.1112630367279053,0.06772577547644558,0.25727799470669,-0.006543545031396285,-0.14947023263984552,0.399
2.121483087539673,0.06299372896206576,0.003222800192883996,0.08377872400670544,-0.09308472762902698,0.399
2.1316540241241455,-0.1831452908210491,-0.09457077981257433,0.13146686506099448,-0.05508943506724778,0.398
2.1418251991271973,-0.09322681912885127,-0.2959204453526724,0.14181223683524122,-0.024178800422861635,0.398
2.152020215988159,-0.054708573732053144,-0.35098088757368573,0.07837712514345592,-0.07944139461921815,0.398
2.1621880531311035,-0.03588343068825515,-0.11515435081298568,0.04930735571325678,-0.18735620631096964,0.398
2.172380208969116,0.033814235164170155,-0.3007988931010704,0.07634967872846504,-0.188702814936973,0.399
2.1825826168060303,-0.00428359109342248,-0.16402271182045355,0.03805698297867899,-0.1282623295581359,0.399
2.192762613296509,-0.043587063320695486,-0.14882989050744694,0.031207994499207567,-0.13983978107563386,0.399
2.20295786857605,0.02779690055875755,-0.6896189389232129,0.04713108193318725,-0.16495796495878454,0.399
2.2132771015167236,0.00020036996592127378,-0.5371650232779219,0.01723037336718992,-0.24183758655195786,0.399
2.2234880924224854,0.022529515101316754,-0.40616532790986876,0.07777899807663091,-0.28795211064350046,0.394
2.233682632446289,0.012679483270760626,-0.3486061444182682,0.17498546076202792,-0.25155347314973026,0.394
2.2438700199127197,-0.06909572130893886,-1.8966564143530484,0.11753769969256156,-0.25079887272667867,0.394
2.25411057472229,0.008258839935784577,-1.362879261320182,0.055339066821389275,-0.0439516007454587,0.394
2.2642972469329834,-0.07945067974101354,-1.5132315426417278,0.10372312917165323,-0.014507936471682858,0.397
2.2744691371917725,0.048897423212969346,-0.6145567919866559,0.21202651327608243,0.13937360345675398,0.397
2.284634828567505,0.04460037264275179,-0.009406560695020157,0.11207343848949002,0.1745145203760234,0.397
2.2948126792907715,0.13768318134631646,-0.1395562768860747,0.1251170602003991,0.10880311910398857,0.397
2.3049824237823486,0.157768794355551,-0.1266893198966165,0.1696187688287274,0.06342471754136059,0.397
2.315218448638916,-0.08053447264121909,0.251285477811122,0.14592689548235646,-0.0006013630049350183,0.397
2.3253891468048096,-0.023615262209356783,-0.29887332399316113,0.0842563776499273,-0.017607744517934815,0.394
2.335554361343384,0.11755804080764187,-0.3907265730923049,0.12515043216825134,-0.05012346668500248,0.394
2.3457229137420654,0.046232032459118305,-0.41763462330725093,0.1496408299502396,-0.04288379075468099,0.394
2.355900526046753,0.012657971083716222,-0.6147140339013739,0.13498090857922151,-0.02327204207412245,0.394
2.366105794906616,-0.04217064529807333,-0.1906224314022,0.11412478986414212,-0.03918423035766372,0.396
2.376291513442993,0.03441262858486935,-0.5792687633950544,0.08870995405658413,-0.0623096377787668,0.396
2.3864500522613525,-0.04450758183707218,-0.3398616280656011,0.11838429698365935,-0.08440406102546799,0.396
2.3966116905212402,0.2323360930614321,-0.30477536865132715,0.07497567550494041,-0.11273415187887095,0.396
2.406775712966919,-0.05794178177950839,-0.3457571447208318,0.07641142924538485,-0.09354278809869923,0.396
2.4169516563415527,0.017067898831149862,-0.377824680842775,0.05305290482202936,-0.10452370762922472,0.396
2.4272308349609375,0.22475025029767248,-0.46054453146668123,0.07502788232578285,-0.13006341142083844,0.396
2.4373984336853027,0.006578473596437563,-0.9805714285466833,0.026298459395163523,-0.1919006060272092,0.396
2.4475646018981934,0.2603386292890568,-1.8252142933731939,0.0158262965630779,-0.04223919558132519,0.396
2.4577345848083496,-0.012625487097757192,-1.5903870581255295,0.09909172384031505,-0.005016220513809511,0.396
2.467895030975342,0.10092468837724786,-0.8939724532330052,0.10745174899956281,0.15106069055416005,0.396
2.4781296253204346,0.044501353855889006,-1.0009261410130055,0.07097919914057631,0.1301489030257743,0.396
2.488334894180298,0.0605834561219883,0.05289846531403881,0.06885063959060143,0.1131417829579052,0.396
2.4985134601593018,0.14574156209604788,-0.06600318969912392,0.03439688035067931,0.062428617328726205,0.396
2.5086734294891357,0.17311642853496725,0.10191419442358855,0.017635301055923293,-0.07921097508745982,0.396
2.5188424587249756,0.02644596133682307,0.10166796798921965,0.14911050200155193,-0.05098241735191347,0.396
2.529069662094116,-0.005843000592385569,-0.5069942378954093,0.16199787835372462,0.020094290119022196,0.397
2.539236307144165,-0.11839059390476223,-0.3152758603655491,0.12892864289124195,-0.060530496982193,0.397
2.5494120121002197,-0.08708540619968522,0.058028936890635104,0.15019789774812525,-0.05257724644640144,0.397
2.559572219848633,0.43130953511887654,-0.7697802303563709,0.12017062633235853,0.035103757427158905,0.397
2.5697293281555176,-0.017618518794310676,-0.5568407484759039,0.0608236106222812,-0.0799637255645637,0.399
2.579900026321411,0.19702953270908352,-0.5694590643711284,0.08435622058165168,-0.04948383293260997,0.399
2.590120553970337,0.11140650297327889,-0.16662545627221867,0.0865950632881333,0.009091628139973967,0.399
2.6002979278564453,0.12463122492061036,-0.18813910942702028,0.10615774506381159,-0.017628894300310144,0.399
2.6104555130004883,0.20900492889840663,-0.7544385184842697,0.15187894783650854,-0.03437372909108552,0.399
2.620620012283325,-0.14728912624221172,-0.38579038485685324,0.17003710925986415,-0.02430528523224823,0.399
2.6307830810546875,-0.08747369050950712,-0.6269000838485685,0.09779173873318767,-0.10987518874300291,0.401
2.6409780979156494,0.3698577847973836,-0.9420283434812011,0.01897702363940572,-0.12506962140742484,0.401
2.651186227798462,0.0275051574248049,-1.2644531389311477,0.09159815689825068,0.016678948877782332,0.401
2.661378860473633,-0.0826484502433013,-2.2259200405936945,0.1786967390082574,0.12062186751643442,0.401
2.6715734004974365,-0.06352358773935368,-1.1845822059110191,0.17840981941577533,0.2704651039097158,0.401
2.6817846298217773,0.3182958442973466,-0.8191437114116291,0.15499777458270075,0.30292336517861357,0.401
2.691969156265259,0.02060624616056691,-0.4114402659851701,0.154574994680544,0.2539927917155271,0.401
2.702206611633301,-0.020294441104922303,0.02670892401675347,0.0952386557733779,0.1439450513041146,0.401
2.71236252784729,0.265716316096425,-0.26082467912443,0.08255310129557727,0.09378431746133929,0.401
2.722524881362915,0.20586363865252758,-0.1464439315912133,0.10473838476443079,0.06830967223072462,0.401
2.7327194213867188,0.004346385535938639,-0.34669260361687293,0.09651397111993801,0.048547688893082475,0.395
2.7428994178771973,-0.03170916788162789,-0.40821241406951525,0.1156211216489632,0.07495405256449647,0.395
2.7530980110168457,0.16559584951397835,-0.8243820189690142,0.08038344793619831,0.08892089613865399,0.395
2.763273000717163,-0.020483441062687756,-0.6243912484496348,0.13895103119933716,0.18939045900396173,0.399
2.773433208465576,0.12600867038475344,-0.19931773412891057,0.18658458167820796,0.15519272906700193,0.399
2.7836039066314697,-0.08147383498848472,-0.5580177659571973,0.13129646383611335,0.14261885037030678,0.399
2.7937653064727783,0.31175764358721697,-0.3539500835969462,0.16672290190700897,0.08781614336394268,0.399
2.8039286136627197,0.024322170837486,-0.8095327495565873,0.19328500639962484,0.026035543553177984,0.399
2.8141086101531982,-0.032360450080295616,-0.195500758910233,0.1285566069478914,0.07058149436833586,0.399
2.824291229248047,-0.004457715870703667,-0.4266022404244045,0.045761904092152486,0.0776255105169394,0.401
2.8344476222991943,0.12148834602013522,-0.7355636463471672,0.039650563188771346,0.040381864137737616,0.401
2.8445944786071777,-0.07467626347922665,-0.7075187136664229,0.13544301075700643,0.049103543319453435,0.401
2.854745388031006,0.22628647780142053,-1.53879100276879,0.13730521516829525,0.1382062678867792,0.401
2.8649027347564697,0.23254141087540425,-0.9695371909809372,0.10697599777407908,0.1703421884888518,0.405
2.8751373291015625,-0.020612484468618464,-0.49535731326105314,0.14995982706210453,0.2266598637040267,0.405
2.885333299636841,-0.10373329179371557,-0.9749077626179351,0.09306448888869226,0.237183446436194,0.405
2.8955466747283936,0.20976549905729194,-0.3865757488226002,0.15901075448700702,0.21901868223651708,0.405
2.9057271480560303,0.07458836441814731,-0.8160955858916137,0.19652118145940176,0.17816065982631546,0.405
2.915937662124634,0.2337244936771051,-0.013226214812916876,0.11295890486550264,0.1699811873587149,0.405
2.9261698722839355,-0.09561184729637981,-0.43308061681573345,0.11103858534653988,0.16599400914934465,0.399
2.9363324642181396,0.004097699962622141,-0.8434778622412188,0.047539607437882124,0.19193792673111962,0.399
2.9464972019195557,-0.0894767520308998,-0.4102467727268955,0.03974580402655016,0.19632651499497308,0.399
2.956658124923706,0.3121269979164205,-0.38518637818025453,0.05441776406084082,0.1735689185613633,0.399
2.966820478439331,-0.03387203892571402,-0.3748864118626392,0.09049151049864951,0.176755819249108,0.403
2.9769909381866455,0.03320353331277002,-0.6388278214461622,0.12368156583825503,0.15339985271299078,0.403
2.9872124195098877,0.3093681485856348,-0.6616082574330413,0.15720560049696983,0.1653543325328471,0.403
2.9974136352539062,0.12913959526952187,-0.47862775149899883,0.16696278099230757,0.22477644815644418,0.403
3.007581949234009,0.2011731462494279,-0.1864136818596551,0.11692925403175394,0.1443797000701116,0.403
3.0177621841430664,-0.10607544544991535,-0.596889333472968,0.11312864655638911,0.1985176580498148,0.403
3.027949333190918,-0.02596375895508224,-0.6233078268427976,0.08130792345199805,0.23534413985980174,0.402
3.0381786823272705,-3.0556044901079135e-05,-0.8709323048879237,0.07914877371200872,0.23963737242131533,0.402
3.0483615398406982,0.037981863031537666,-0.6668305422102725,0.10375806056947919,0.22305718154763243,0.402
3.0585265159606934,0.02714233049446786,-0.027948105153544022,0.08366054884701907,0.3071497978433632,0.402
3.0686864852905273,0.25981642677450123,-0.8782352747708836,0.14980568785307313,0.18564969100561624,0.398
3.078864574432373,0.03510326564410783,-0.4470422898891281,0.13621866749632514,0.22608292863869253,0.398
3.0890228748321533,0.4454896934741555,-0.9164090332152378,0.12500176566087995,0.24773417890945099,0.398
3.099252939224243,-0.013981620290761002,-0.66299289079966,0.10037150003553313,0.2821620880905456,0.398
3.109434127807617,-0.004087358422263015,-0.27023262835236755,0.04652105902569597,0.3191070954268803,0.398
3.119608163833618,0.012759233798586974,-0.6815251436227331,0.036399139800574465,0.25962645272249585,0.398
3.129777431488037,0.2555811319333942,-0.47768244576665553,0.1342586664250562,0.23361270080069532,0.401
3.139939069747925,0.014787271383833936,-1.1139974522875167,0.21268708039141646,0.2729570031046842,0.401
3.150157928466797,0.02645563440236421,-0.31547128779928924,0.14862244340013547,0.3055459409222904,0.401
3.1603379249572754,-0.05556229259504645,-0.4695707785023465,0.11674991150694669,0.26047211375422025,0.401
3.170508623123169,0.38690625509508003,-0.6668262333012783,0.0779704581901942,0.2943811874799162,0.398
3.1806724071502686,-0.18072449419613246,-0.4704768887292629,0.10945138826022063,0.290426370261026,0.398
3.190828800201416,0.18310384138437882,-0.839866203005747,0.08264499071306766,0.3846877624262382,0.398
3.201000213623047,0.01739241700375725,-0.23598158625037455,0.09225362573952503,0.39857574103163806,0.398
3.2112183570861816,0.21570005125254438,-0.6690329172197527,0.10669121975412062,0.4199206054479886,0.398
3.221383810043335,0.15694572911274762,-0.4386165083228873,0.1478945966647413,0.34614079915079365,0.398
3.231546401977539,0.048088735474028754,-0.47199226368180264,0.10300332287984137,0.32856572596697964,0.404
3.241760015487671,0.07434988684121524,-0.2694165673196223,0.07823596468913115,0.32588872271902464,0.404
3.2519617080688477,0.00012896954108092322,-0.890240631498391,0.07588911178405686,0.4211831847751625,0.404
3.2622125148773193,-0.0011301967748015257,-0.28370181832198715,0.13246820485808913,0.4226213459308214,0.404
3.272373676300049,-0.02605427798831524,-0.8566867397942383,0.041556418931906765,0.33105999850749296,0.407
3.282536029815674,-0.030081653790702767,-0.2578780299022218,0.049812842455309224,0.3567197573863895,0.407
3.292703151702881,0.16045510789328848,-0.6381805878437428,0.08769318921627978,0.4064422335509154,0.407
3.3028578758239746,0.19368596953321093,-0.26984579854845214,0.156332622180909,0.3798567250626578,0.407
3.3130078315734863,-0.0018561246678672713,-0.41944388867502336,0.14907907767635575,0.33972092262109554,0.407
3.3232126235961914,0.06776344139901512,-0.6313720384792029,0.05308202430178725,0.38683221984117866,0.402
3.3333606719970703,0.1917672495021579,-0.23260992266060643,0.07201016539321983,0.43462117471213363,0.402
3.343518018722534,0.11987009571989118,-0.679722658210332,0.09458363506508312,0.34442109248295333,0.402
3.3536856174468994,-0.003457045841898348,-0.24613119184315815,0.04976456104381643,0.3419034556346716,0.402
3.3638529777526855,0.24827365769106555,-0.4514861625965298,0.06289588341984295,0.4436921935013175,0.397
3.374100685119629,0.08831542702860119,-0.45488988852126283,0.1158259993097779,0.413487626321684,0.397
3.384321689605713,-0.07480129528146869,-0.06829558903132467,0.15745377247575917,0.3178133020476142,0.397
3.3944883346557617,-0.015595770089443529,-0.8839171326095862,0.03606297931743055,0.4084775307602122,0.397
3.404707670211792,-0.02570616378867364,-0.052865404465851924,0.06017948788528133,0.49023895782764526,0.397
3.4149351119995117,0.3748204210704542,-0.8752346633920246,0.09111161982301469,0.4508161542850555,0.397
3.4252114295959473,-0.02355718753267674,-0.2548815441578953,0.07947941321078027,0.42826531239943155,0.401
3.43542742729187,0.07704387987409987,-0.4862349616266485,0.11388754395198539,0.4287299228883611,0.401
3.4456193447113037,0.016357441660816426,-0.27811505142944576,0.1323953070701392,0.4137502671608565,0.401
3.455838918685913,0.02934256836931923,-0.48185881459578567,0.1451434958128814,0.4055993640150172,0.401
3.466745376586914,0.03821758899019994,-0.2997103983482404,0.027271391011002087,0.41830759522674554,0.398
3.476972818374634,0.05644500599918712,-0.4708429217483015,0.02009330187812422,0.4737789852707523,0.398
3.487269878387451,-0.01662940190845402,-0.1075747730645521,0.10535297013228714,0.5134925182120559,0.398
3.4974470138549805,0.17519395691598622,-0.6824868293871411,0.1744234007438713,0.46734190897673544,0.398
3.507655620574951,0.1645912137729844,-0.22967765318698147,0.1343988775568215,0.4958370390499618,0.398
3.5178375244140625,0.002835473243826698,-0.2288175538353138,0.014310103223939587,0.478264391649621,0.398
3.528010845184326,0.03663652633514247,-0.636640944600721,-0.014160625192738564,0.4940052035659519,0.393
3.538181781768799,0.06147941727596046,-0.07188855027237365,0.03477751397245617,0.5030243705659944,0.393
3.5484015941619873,-0.031033301677988758,-0.5014040156339445,0.15391384692182244,0.5483368101080917,0.393
3.558565139770508,0.11051935462983717,-0.07096033999194368,0.16515951546074967,0.5183666921550704,0.393
3.568739652633667,0.20725176952887678,-0.24598457308318522,0.11529195908963058,0.48338327309750095,0.399
3.578930139541626,-0.22995312931301765,-0.25805001469079525,0.11523730242244262,0.47325546432016935,0.399
3.589261770248413,-0.033600142178906674,-0.25154237626222953,0.156705076716407,0.5259537813219286,0.399
3.59946870803833,0.176737067033391,-0.2509340115686699,0.16764489845691932,0.5721918122883803,0.399
3.6096866130828857,0.007710778790583166,-0.41246895765576813,0.08121123457927978,0.497999424748843,0.399
3.6199047565460205,0.06488730226551206,-0.043339955820589436,0.06412178292414028,0.505261813467893,0.399
3.6301538944244385,0.16974659574714232,-0.00042874613848946293,0.12748911074881733,0.601953498481946,0.4
3.640413761138916,-0.0785786347104494,0.002591003789719678,0.15962477423605445,0.5446814371710498,0.4
3.650627613067627,0.23319917771981824,-0.2377566756162027,0.11957952417553167,0.4496571152103394,0.4
3.660799026489258,-0.03095132574116635,-0.022724417766919996,0.044433237277739276,0.5317985870627601,0.4
3.6709935665130615,0.01250801705800502,-0.20755502847322765,0.059718651200680456,0.6183174031716531,0.4
3.681194305419922,-0.02437334654552998,0.007598910522691643,0.15284807900377273,0.5764417072676227,0.4
3.691392421722412,0.07496623184047566,0.018278988648434465,0.1427319515434107,0.4766289092774668,0.4
3.7015724182128906,-0.020574617542372112,0.041185453203213714,0.0453166125905319,0.5797094986356366,0.4
3.71174955368042,-0.007540418993367754,-0.2312713935355767,0.06558780319362825,0.5331107924032155,0.4
3.7219207286834717,-0.02688977063447358,-0.028326015827809258,0.11289490522837205,0.48575802064068135,0.4
3.732215642929077,0.2112137530625178,-0.03474175799485121,0.07481366846459259,0.5074070714430312,0.401
3.7424075603485107,0.01675901890418883,-0.0035656312614501173,0.12483024229994114,0.5344595644543818,0.401
3.752608060836792,0.014377017908502489,-0.03210207989242056,0.10268508513293625,0.4382372707907996,0.401
3.7628021240234375,0.19669067365243575,-0.017680592683551474,0.08681970132617436,0.4717931053842097,0.401
3.7729783058166504,0.017837783043072222,-0.017837558099691776,0.10578449115662265,0.5733791129170293,0.404
3.7831814289093018,0.4327710909489029,-0.008467686342500289,0.11200663207336578,0.524938024409865,0.404
3.7933509349823,-0.1763527610781997,-0.028156853031379898,0.07793070245285397,0.4571812462669885,0.404
3.803524971008301,0.13796580324484847,0.02049155593458784,0.07583708133615581,0.48004863655340624,0.404
3.81369686126709,0.024302614476724868,0.04116622807881986,0.09634384402703466,0.5568424754614751,0.404
3.8238654136657715,0.061491939002179835,0.19209279080133287,0.11566228806322028,0.5082687274760394,0.404
3.8340275287628174,0.19681201333749856,0.026103217404605687,0.06347653379426182,0.5195763559991258,0.404
3.8441977500915527,-0.019570948602290084,-0.007304783994204567,0.11285141938130838,0.5165910323937876,0.404
3.8543763160705566,-0.06029232039133425,0.16520322227808265,0.07019101153716115,0.4916371419784838,0.404
3.864542007446289,-0.0034857582648729767,-0.013667355875513642,0.041893728359743865,0.46370156088056114,0.406
3.874706268310547,0.24184632360684247,-0.0473725600411554,0.03392710642103777,0.5125840552916593,0.406
3.884878635406494,-0.016365437545328012,0.18787575354969224,0.06529115542084092,0.5808858134167791,0.406
3.8950953483581543,0.019917776356491394,0.036790701464948075,0.13722705511774907,0.49207861717416795,0.406
3.9053633213043213,0.05593544675884567,0.41208837101615453,0.07424957415657354,0.49337317761106275,0.406
3.9155306816101074,0.21118397901706876,0.027444390664364004,0.024914824753576755,0.5398926571715247,0.406
3.925699234008789,0.20486397068130466,0.396479499135749,0.14073517858280377,0.44923750083153374,0.402
3.9358649253845215,0.10782431970984249,0.06702105712196282,0.1208590964269314,0.4415459558845204,0.402
3.9460387229919434,-0.16334815885212606,0.25196117839080834,0.0513545916725346,0.5204260273670156,0.402
3.956251382827759,0.3690548982294949,0.3672105429169067,0.10572736218272294,0.5006376837167293,0.402
3.9664299488067627,-2.956798895322256e-05,0.016957273095056305,0.1422204191301983,0.5122772752094417,0.405
3.9766318798065186,0.05863223168524515,0.2479345224449032,0.11550611358715557,0.5073289062040864,0.405
3.9868574142456055,-0.048536375937007104,0.469852013510978,0.036307651812870934,0.5307047810461419,0.405
3.997075319290161,0.022264616326355614,0.05836724301420136,0.03052863963561417,0.5142846774518577,0.405
4.007481813430786,0.3282365470623527,0.6405641331563052,0.10700299716290937,0.5117965843064992,0.405
4.017993927001953,-0.04790717616445428,0.07825991147105751,0.0981012979869752,0.48199005123036254,0.405
4.028270959854126,-0.08965882035643727,0.5466977700165293,0.12697912777846773,0.4161945022832229,0.408
4.038466453552246,-0.02156192395962092,0.744754935009772,0.09173139739147085,0.44366132310066697,0.408
4.048645257949829,0.21500811604480116,0.2608213443777107,-0.021953815066887303,0.4011729894452469,0.408
4.058811902999878,0.0017127191635387701,1.3065653992555206,0.11930655614505173,0.371883142719395,0.408
4.068983316421509,-0.0954965929492327,0.6488223443595481,0.16917208193122785,0.3438197677466419,0.407
4.079232692718506,0.0860351165825681,0.32143422618604545,0.08462252798760635,0.3188712053956819,0.407
4.089407920837402,0.058527866346828376,0.6447814632947709,0.043912691811381674,0.24825333598165633,0.407
4.099578619003296,-0.0038258829667374436,0.2142528412329276,0.07420220610039682,0.25570656580703016,0.407
4.10974907875061,0.0475103504680063,0.6014149304482257,0.16688063677399437,0.3123864767627119,0.407
4.119923114776611,0.01899241542675677,0.19633261551828665,0.10339509254174209,0.33533042953294934,0.407
4.130164623260498,-0.011246751855126132,0.021897417619991533,0.07642205718546521,0.2684988074810491,0.4
4.1403820514678955,0.20485046334162038,0.6202301320808306,0.1318801163401167,0.25130152763385183,0.4
4.150556802749634,-0.013954241355998948,0.21829107207445067,0.14592592589145192,0.3271522121632927,0.4
4.160728454589844,0.003005320253340683,0.45016162922317565,0.09373976888470989,0.2692423180197803,0.4
4.170900821685791,0.05619487370818864,0.4547963957022861,0.06301805521096504,0.20645338176414696,0.399
4.18107795715332,0.18289312936037053,0.20970892851204262,0.1040184648492371,0.3287591686314193,0.399
4.191354990005493,0.03322007541684034,0.6119471151751356,0.17347294670918711,0.3272659235816349,0.399
4.201529264450073,0.09329153487544452,0.44089931644151736,0.17252245285182724,0.2908204495629326,0.399
4.211697816848755,-0.035240643422115824,0.17813925282179488,0.11331383647086474,0.2739206959219072,0.399
4.221867084503174,-0.036954266041457996,0.40599298499988645,0.11695363673706617,0.2624299083721766,0.399
4.232049226760864,0.06918174129616023,0.36226648900786834,0.09209325711320579,0.31883858310401536,0.399
4.242372989654541,-0.07107278782690325,0.4411416718906483,0.08903867893797651,0.3983779981509097,0.399
4.252577543258667,0.25229478445256925,0.6333669634698675,0.11632586665237589,0.2929655420034558,0.399
4.262792110443115,-0.0465564437226175,0.37178872532828416,0.1411942423727412,0.17819607585466268,0.399
4.273000717163086,0.06089931305707887,1.037907240380538,0.0033551887616004444,0.10571432337638023,0.398
4.283322811126709,-0.03146288916502959,0.7488920891840971,0.01467617586944129,0.170064177184253,0.398
4.2934958934783936,-0.01146879726896549,0.26791214185574647,0.12383889964222314,0.25926429737341133,0.398
4.303664922714233,0.07132913012942975,-0.1996931394112983,0.12221696466202535,0.2603866696954409,0.398
4.313862562179565,0.3194903896997123,0.06925638741425219,0.07921271373546881,0.2592045613388982,0.398
4.324038505554199,-0.0403093819338339,0.1362722430685103,0.1219968577710471,0.21316906742916217,0.398
4.334238052368164,0.050966870155791495,0.180745891163348,0.11694259061602748,0.2335367368975414,0.398
4.344406843185425,0.09012937663123576,0.21022133697795145,0.05795394716352101,0.24371544516962118,0.398
4.354580402374268,0.10203207385482273,0.3795404474819305,0.07087582790911162,0.2209819876502625,0.398
4.36475396156311,-0.0659779897440987,0.7777183096062007,0.09259371003221706,0.2801761408160228,0.399
4.374964952468872,-0.021705454174132107,0.1478994332541678,0.11461412869523432,0.270476089477869,0.399
4.385221719741821,0.0393664193027378,0.14360082684681466,0.12662816991859432,0.311274374368269,0.399
4.395449876785278,-0.28434137637061135,0.15648125075985786,0.06239187999994368,0.2510066563814,0.399
4.405735015869141,0.13242432230535917,0.31879423191947326,0.03599677394004086,0.26461753139879723,0.399
4.415966510772705,0.0804965897813905,0.3342453758848328,0.006319431850898616,0.2642457292221252,0.399
4.426230192184448,0.02576186672054814,0.2204893472304341,0.0697903801658843,0.31455875410240774,0.396
4.436471700668335,0.008046798284500459,0.4653277195066636,0.1171286448942162,0.35304355622965067,0.396
4.446643829345703,-0.06594106052043792,0.8452981819413873,0.1228016204779327,0.35853294493146126,0.396
4.456804990768433,0.35161555873960526,0.9133829683936943,0.10429967414975233,0.27311957016447375,0.396
4.466972351074219,-0.019997080885636346,1.2377179852645932,0.023181142686604726,0.17723784367714468,0.402
4.477196216583252,0.008181110489754655,0.2563747161161618,0.03537930273384973,0.1187101182161788,0.402
4.48737907409668,-0.11540686344228615,0.5614533041793345,0.060824064836596595,0.14632030613065078,0.402
4.49753737449646,0.08149412729206158,0.4892244438840663,0.09872666542832353,0.17380210584091946,0.402
4.507706165313721,0.04281511545297434,0.059760991609681936,0.03362576095323589,0.19314879880943975,0.402
4.517918586730957,0.20985098409044173,0.27791985521968215,0.039249358726593554,0.21961672676277771,0.402
4.528120517730713,-0.06345671984960219,0.15839971897800278,0.04466533336299033,0.25752297407501096,0.401
4.538306951522827,-0.016973392949571172,0.14685780356269626,0.09254636777667659,0.2374886054687437,0.401
4.548498630523682,0.15881564546190552,0.5775423802801174,0.15640548329521872,0.2668929236980716,0.401
4.558677911758423,-0.0308647804565167,0.23210983807444185,0.12144509080420185,0.2520403941987175,0.401
4.568857908248901,0.010362731984315948,0.5918449902054428,0.051621095599899344,0.20252584448971772,0.397
4.579041957855225,-0.040593664738465096,0.40651113088336355,0.08292373216907167,0.2407737487858205,0.397
4.589313268661499,0.02488901908654554,0.40524887903785434,0.10625610903180652,0.2578695236392026,0.397
4.5994837284088135,-0.025580948197299377,0.5673231507824643,0.12081906310664808,0.23640391981098985,0.397
4.609663009643555,-0.0400674208192702,0.19394745472789005,0.06013362371203723,0.18238915067664965,0.397
4.61983847618103,0.055706117600911986,0.3917530768043474,0.0424732170438228,0.20139991093918444,0.397
4.630011558532715,-0.032400179914083484,0.4047078767978162,0.07962083608376125,0.2312546336051121,0.397
4.640211582183838,-0.08328088168697187,0.4772324396472763,0.08891625475606149,0.3251205276954985,0.397
4.650395631790161,0.07061026047746838,1.297519064346069,0.09845469781165017,0.36034729667608045,0.397
4.660566806793213,0.017950730627182297,0.6809013123369013,0.13850325514118575,0.20173110730563104,0.397
4.670738697052002,0.06097457420791375,1.232221909299203,0.052801901847029,0.09831121287567612,0.398
4.680908918380737,0.0008297912530883863,0.689675681503611,-0.0016272281840079353,0.16128163219175123,0.398
4.691110610961914,0.04112651073441162,0.1525381228204307,0.06712638941750686,0.15236654276595712,0.398
4.701321601867676,-0.08577194795701658,0.7041126937671613,0.06504230112643737,0.08338962985030537,0.398
4.71153450012207,0.09763482301270118,0.07346354560373153,0.01888665460585773,0.10411440057609142,0.398
4.7217090129852295,0.09763482301270118,0.27551690886109687,0.01888665460585773,0.10411440057609142,0.398
4.731878995895386,0.07758134778846097,0.3585407917150917,0.06137486723006112,0.19836601365871848,0.394
4.7420501708984375,-0.12378840655576415,-0.044245924811492525,0.06137486723006112,0.19836601365871848,0.394
4.752242803573608,0.04043232185176233,0.6299513551027915,0.10725634737482728,0.2307765644907917,0.394
4.762497901916504,0.0005663113760680926,0.6030989423651204,0.016501918710658793,0.1695716480166909,0.394
4.7727580070495605,0.09757267381223915,0.7714291255453767,0.0003068884836683536,0.14467667732301587,0.398
4.782938480377197,0.019732336903112754,0.7895829029434912,0.09679431239451525,0.1486451546033576,0.398
4.793134450912476,-0.02474998532930621,0.3726364773080802,0.06305994015527323,0.218756612366401,0.398
4.803344011306763,0.06154123778336916,0.5562983599571246,0.06311052500492481,0.23513474716816737,0.398
4.813516616821289,-0.006083513928483402,0.23533400701708238,0.07433494629838881,0.2221323652417973,0.398
4.823690414428711,0.009512578169385862,0.8700657097811191,0.03352078735384746,0.15930224451691266,0.395
4.833856105804443,-0.034465511058149274,0.2788685105762707,-0.002118601249475844,0.11772483851892954,0.395
4.844026803970337,-0.1475903067675236,1.0450661857460692,-0.0251570453014577,0.17669924249453184,0.395
4.85424542427063,0.0611090522745989,1.0534640014044172,0.018302036952097582,0.13918112521409415,0.395
4.8644444942474365,0.02445796396516465,0.8234340090225,0.07933306463143072,0.1682800575717447,0.396
4.874682426452637,0.0432659296485981,1.1314920113387996,0.06680820262393977,0.098455445710587,0.396
4.884894609451294,0.048841205970312364,0.4155637817010821,0.026676947484210123,0.03949065278447003,0.396
4.895108699798584,-0.23680567001909095,0.7382737623006727,-0.05257171505370179,0.05619381703846516,0.396
4.905311346054077,-0.16055338583472245,0.30394897316484143,-0.061065212143323444,0.08477287972100254,0.396
4.9154887199401855,-0.16452089200508757,0.1015012133827839,0.01970989201221491,0.1351004282739575,0.396
4.925666093826294,0.05989563320264942,0.5459969170180113,0.04883807329502236,0.2046117575494454,0.396
4.935846567153931,0.09574593358103403,0.41899071844601354,0.02380162847925848,0.15784186048857513,0.396
4.946018218994141,0.04029944938117779,0.41384974078953807,0.06805572379592756,0.1209524343935299,0.396
4.95622181892395,-0.1134983463256709,0.828697969370167,0.035374381269774144,0.16456105354792244,0.396
4.966410875320435,-0.0016043133057839617,0.4105818983302386,-0.04586038764227781,0.07065323636247381,0.399
4.976595401763916,-0.04377169260961771,0.6191989088310142,-0.009775066812476826,0.051360369168357324,0.399
4.986766576766968,0.045476470579382505,0.368500481264667,0.015054340176978927,0.08827313155924546,0.399
4.996941089630127,0.04822037311771459,0.387703809199472,0.05423239007090001,0.18098315744305143,0.399
5.007572174072266,0.024488711336433763,0.810092174263203,0.09754944083300165,0.056854224393172476,0.399
5.01779842376709,-0.22230907499709665,0.45776086587584336,0.07603441851737339,0.08993631976358071,0.399
5.028104066848755,-0.12272809783107888,0.8440501908717478,-0.005089726856597318,0.14911004011771645,0.4
5.038396120071411,-0.040291885646405255,0.5043411804925371,-0.04963206233332375,0.08334291073907742,0.4
5.048565149307251,0.12024804250265096,0.6672539526519485,0.004381179278669788,0.048327330535974294,0.4
5.058732986450195,0.0774133584160017,1.526423932321812,-0.01131453803483839,0.09997608253255236,0.4
5.068905591964722,-0.12489156550481711,0.6080495962072372,0.0818412174263935,-0.025699235738798225,0.397
5.079081773757935,0.05957251122588613,1.068265325574981,0.08075676798231002,-0.04083206772962404,0.397
5.089302062988281,0.09814166107539772,0.38363429011967853,0.02658764811095797,-0.10110487194005087,0.397
5.099511384963989,-0.03140362852967491,0.17103465740505672,0.009875737670415182,-0.059514267389137746,0.397
5.109744548797607,-0.046318731689992794,0.7776516347886807,0.0196490136492559,0.004184694630481382,0.397
5.119941473007202,-0.11059116846591567,0.15505053107251393,0.00909347419254563,0.058566664419827524,0.397
5.130248308181763,-0.00388335568706784,0.6026405996195423,0.05998117838031491,0.014336196638008314,0.405
5.1404805183410645,-0.03528898133789963,0.4243200612980437,0.03651574277117965,-0.035866556062991765,0.405
5.1506617069244385,-0.04234501904152542,0.2454435264692455,-0.027596197901513898,-0.028630656029751848,0.405
5.160832166671753,0.08563811014867814,0.7989081011022182,-0.026321247487875322,-0.014630853628632378,0.405
5.1709983348846436,0.04659263931752964,0.3782219246100486,-0.00273448180244971,0.018356761472657898,0.4
5.18114972114563,-0.0661506120950971,0.5323530139544556,0.08780415001746616,0.07563475674530007,0.4
5.191324472427368,0.025518086798929245,0.39894775954357947,-0.0459610920688083,-0.011184851006320252,0.4
5.201491594314575,-0.032075038874089676,0.21188152395453105,-0.10267931617687152,-0.0925984376521368,0.4
5.2116522789001465,-0.08733960573550814,0.8391151085739573,0.021628603734147083,0.021278847900526313,0.4
5.2218101024627686,0.08267914429317184,0.14249146025086998,0.045534736643626304,0.0015381547254963261,0.4
5.2319655418396,0.0008376306222574947,0.41469507668296446,-0.01964018824186972,-0.03267699716601634,0.4
5.242131471633911,0.017168913868843786,0.8303215737932916,-0.014780442450424945,0.03242578127307491,0.4
5.252423286437988,-0.1247524776081133,1.4704106967763566,-0.005146381408268527,-0.02471839754623453,0.4
5.262632131576538,-0.08975359368052215,1.419889419144377,-0.010592913226736118,-0.02744628407246924,0.4
5.272844076156616,0.0036670731216082307,0.8547930660153714,0.08130724336227593,-0.16789042878088714,0.403
5.283154010772705,-0.042710990743291884,0.6218539109834202,0.047410788892995916,-0.2732851581920586,0.403
5.293342351913452,0.07295402891435435,0.09916355903026033,0.04101909275202581,-0.22497256132480523,0.403
5.30351710319519,0.055617329916410746,0.4561919304839934,-0.0036772115831548765,-0.1296268606369564,0.403
5.313685417175293,0.12835333400736437,-0.12815341613411066,0.048152725906999025,-0.05783382910902059,0.403
5.323858022689819,0.0469967891962204,0.4860617364347171,0.12773242089505948,-0.11386850436995122,0.4
5.334026098251343,-0.022893356748160246,0.3406030650598892,0.047997138181576054,-0.0748763122328237,0.4
5.344199895858765,-0.03503132110663887,0.4050439923337757,-0.050040183568065666,-0.0649718347736199,0.4
5.354382038116455,-0.0983630433260058,0.3960364967113587,-0.0733838448349184,-0.03457927252162479,0.4
5.364547252655029,0.31984476275278034,0.1769898262340886,-0.02564587384427352,-0.03880299933114273,0.397
5.374713659286499,0.001585657052808633,0.3670972411503081,-0.002208248691079544,-0.0806518455513997,0.397
5.384879112243652,-0.047353325205840596,0.6139212860191136,0.02533286510492257,-0.0973670101250208,0.397
5.395042419433594,-0.10268602454505268,0.36235091004799214,0.028787341283022568,-0.11773377700255912,0.397
5.405268430709839,0.05715070121882346,0.3628264226215548,-0.07384446387579101,-0.1125642312540263,0.397
5.415493011474609,0.003956109019468413,0.42285560389830407,-0.09170790817362348,-0.10903175648823599,0.397
5.425700426101685,0.006868014593414038,0.2035596902796254,0.04628680229643779,-0.09238309532365813,0.395
5.4358744621276855,-0.0942826245761623,0.6316471926586329,0.13368964770271488,-0.03081520050473867,0.395
5.446046590805054,-0.08882389037210392,0.6120091392969667,0.07892573341577667,0.03537254528352682,0.395
5.456231117248535,0.025058961846552673,0.9877767927768711,0.03667436427152771,0.00982396096766612,0.395
5.466448545455933,-0.005194352947446463,1.3722053259333624,0.07508599672331225,-0.15975836687459619,0.399
5.476616144180298,0.007944128757119898,0.5748777003002071,0.059291301806875585,-0.29389902844885635,0.399
5.486780881881714,0.09612191714554441,0.583347108630718,0.00866398091934518,-0.280437915466788,0.399
5.496948480606079,0.04519082144381216,0.24305003594616023,0.01829505808707538,-0.18639362556525457,0.399
5.507121801376343,-0.03412391843037797,0.26219041522442477,0.036108775976832354,-0.11883481571055693,0.399
5.517323017120361,-0.1463534798396299,-0.14234901304435882,0.05750828913592426,-0.11305963805288957,0.399
5.527535438537598,-0.042022812565969056,0.29753666372445625,0.05221935756775727,-0.11064673108016733,0.394
5.537775754928589,0.3832553251613463,0.3818897822926954,0.06149973555219276,-0.10693071798539637,0.394
5.548001289367676,-0.026779887117972866,0.20081771459454423,0.019400085774710262,-0.11870438800322541,0.394
5.558230400085449,0.004064999099925004,0.10735943040555368,-0.01041064658136042,-0.11675858646846779,0.394
5.568444490432739,-0.14783955764272805,0.3520607155526184,0.02587172233387427,-0.14986658260699867,0.391
5.578617811203003,-0.03630558752056533,0.15693290334683133,0.0050314978291649375,-0.08968252540205593,0.391
5.588789463043213,-0.08481716691506076,0.5486212553233005,0.083947885893177,-0.04701444189436284,0.391
5.598954200744629,0.11384090839468838,0.3163733314511016,0.10952907411002555,-0.09362463629706724,0.391
5.6091148853302,0.006604283143747844,-0.03438182156472215,0.11256939148468638,-0.054915051315777855,0.391
5.619337558746338,0.013727442204577282,0.3462951757487837,0.010810578133452308,-0.11001204632677125,0.391
5.629506826400757,-0.09825587188391256,0.36146951012011697,-0.001343144762824642,-0.10710923285600403,0.4
5.6396729946136475,0.03880488725803395,0.5968059587892479,0.03953773279176472,-0.10901630962551231,0.4
5.649835586547852,-0.048411940116132965,0.378881831541867,0.06703273283082906,-0.07077047810596007,0.4
5.660000801086426,0.23853558296133584,0.6748879276363785,-0.0032129773159733557,-0.10656332875286201,0.4
5.670192718505859,0.023233826093911402,1.014870273161342,-0.012204087016697188,-0.13337957371339854,0.396
5.680375814437866,0.07097190918112975,0.47569991181957777,0.0900420511779346,-0.1250148459897907,0.396
5.690589904785156,-0.07942778917758482,0.6411148732151013,0.10880992245856319,-0.14271533989808338,0.396
5.700772047042847,0.025394355642179442,0.3663607972813088,0.06298573510027325,-0.16016148950319645,0.396
5.710940599441528,-0.09602155286841678,0.3134383559708449,0.012543074507104993,-0.17804156415678626,0.396
5.721109390258789,-0.04590830681309965,-0.1373649611985845,-0.05708571320630251,-0.12184072581532782,0.396
5.7313127517700195,-0.016986313783174476,-0.06949098605612462,0.06810520305617725,-0.04540043628654253,0.397
5.741521835327148,-0.017639724463934185,0.177549207171532,0.1011723366556542,-0.04482989749991456,0.397
5.751690149307251,-0.0003566735859205843,0.440502778547712,0.09133715789661719,-0.11273732688310606,0.397
5.761860132217407,0.17884098973744794,0.23744605126464322,0.09831224744470071,-0.09120232758356038,0.397
5.772059679031372,-0.022546601862183286,0.6384735675563836,0.10154986927240378,-0.0946731165201789,0.402
5.782331466674805,-0.028938560723569172,0.16395576648953683,0.00309970988492182,-0.1473416757609005,0.402
5.79320764541626,0.09913312648875415,0.38244657219017547,0.01882670739803393,-0.08600301843580503,0.402
5.803424596786499,0.08380250601185069,0.18710688761522487,0.07704452780450988,-0.08104711835360134,0.402
5.813914060592651,-0.008104537837733657,0.1603810305399066,0.12583369138765904,-0.10671953079078043,0.402
5.8241448402404785,0.06399097656711128,0.35127547329954106,0.0719573768375764,-0.1188867407307024,0.402
5.834383964538574,0.2163272413022437,0.43487229621397877,0.02647448724374131,-0.11706381724177295,0.402
5.844681739807129,-0.006855238396986964,0.20413785801526727,0.05146248085662841,-0.08570812409135532,0.402
5.8548970222473145,-0.005704840330177671,0.18945249423402355,0.07986378338879568,-0.07188106606587401,0.402
5.86507248878479,-0.07363768453293774,0.382515110041559,0.07131547796852256,-0.049321692102770945,0.408
5.875237226486206,0.004606608621111679,-0.008160965820646512,0.03604284643198179,-0.127591582953723,0.408
5.885455369949341,0.11335790802308722,0.38493559337763417,0.027277218713900413,-0.14296170223154428,0.408
5.895663261413574,-0.040283918686110594,0.6262896293109989,-0.011422288843976584,-0.0838761982724901,0.408
5.905843019485474,0.18015237598100411,0.17567140127855438,0.05718058625240176,-0.15934714418143167,0.408
5.916045665740967,0.13786081937811237,0.21711282413132263,0.08867318509517245,-0.08802351940720887,0.408
5.926255226135254,0.03254101571004181,0.3827957655948068,0.10480323138062778,-0.07353209291447917,0.407
5.936432600021362,-0.06199795218926562,0.042527872981620446,0.08601958089884605,-0.1120732613046432,0.407
5.946598052978516,0.005546660777124078,0.18727495819633513,0.04809318888977724,-0.11161926328848924,0.407
5.956764459609985,0.16150944626665142,0.21022257437926462,0.04539034048320061,-0.00786775628357006,0.407
5.966939449310303,0.028392755016841555,0.44476390312698727,0.0782814004386569,0.00886248578173543,0.41
5.97711181640625,-0.06254261517901924,0.015712903022299336,0.14596475122896171,-0.07023575782360163,0.41
5.987302303314209,-0.03694880379321627,0.40795453481495136,0.1236499552496001,-0.0954988416743435,0.41
5.997520208358765,-0.04474916346236071,-0.0579541051621572,0.03511167281372965,-0.20333708495678118,0.41
6.007693529129028,-0.009473668414170557,0.3962456828558874,0.09473770055062095,-0.149287376862251,0.41
6.017877817153931,-0.07726887921495612,0.24942937036715282,0.08972469062778063,-0.0963994783798664,0.41
6.028109312057495,0.20000652960593507,0.3918254085686296,0.11271395284409798,-0.08015491579992652,0.406
6.038324356079102,0.4448398024247345,0.2000272943051062,0.08754852576722125,-0.08579198588850356,0.406
6.048494338989258,-0.2032679442251788,0.39779338103653966,0.11300192793394731,-0.16026882907704654,0.406
6.0586700439453125,0.25811287550721296,0.015414176698076468,0.0260731178275367,-0.13171737627209898,0.406
6.068841218948364,-0.11749037072731111,0.1823693594298383,0.09680018816659672,-0.07708853506292891,0.408
6.079007625579834,-0.08921585807968406,0.20204569910134737,0.09286985236063983,-0.08232258756763312,0.408
6.089167356491089,0.15132927107058594,0.20688621981533098,0.10178125377988771,-0.05527207388506879,0.408
6.099506616592407,-0.0633993820898048,0.19003536519070205,0.14957533679512347,-0.07849902176491569,0.408
6.109679460525513,0.2701833664552429,0.18644365451736725,0.08347787197921798,-0.085450415733682,0.408
6.119843482971191,0.06985143219786093,0.0250592613235467,0.023637762303068854,-0.1099529920295858,0.408
6.130014896392822,-0.09922482327641485,0.17010373324317615,0.035997086142838336,-0.12992216237665571,0.402
6.14018440246582,-0.26074279558479896,-0.011811542673836665,0.06279743131292416,-0.12252457544648182,0.402
6.150384426116943,0.29865673490829225,0.5743340567694422,0.0480221362232429,-0.06051307305389249,0.402
6.160545349121094,0.0048623061137791825,-0.016463706883118948,0.09432068917553352,-0.032790002468239,0.402
6.17071008682251,-0.01845038167409561,0.2049468322413618,0.11236795859630601,-0.03266946010780733,0.405
6.180868625640869,-0.041019196053817125,0.43196761658897737,0.11173807017390489,-0.10443872808743751,0.405
6.191026210784912,0.15047959063848412,0.022561896995316116,0.11322974406922978,-0.08161742500494872,0.405
6.20119309425354,0.01024628555494201,0.21201514091472884,0.0942968764071831,-0.13615588278388124,0.405
6.211491107940674,-0.015501958094990548,0.22216288962821124,0.08640072299435446,-0.07018069774230767,0.405
6.221684694290161,0.07763052286299148,0.18500217909260686,0.08701966323575876,-0.16429563691495272,0.405
6.231851100921631,0.13066668743309054,0.1894919356459358,0.09963909304602334,-0.08859499058955216,0.403
6.242081165313721,-0.0707889395297443,-0.011963691316899045,0.09963909304602334,-0.08859499058955216,0.403
6.2524192333221436,0.03497989474810109,-0.04200345077259317,0.07742224229093635,-0.0861376836170501,0.403
6.262605428695679,0.10151248441819463,0.1603424919746046,0.11210478293070722,-0.087890197510401,0.4
6.272839069366455,0.027700052914074146,0.18944285245460424,0.06071855179181052,-0.011823306144585682,0.4
6.28305459022522,0.022736756345407873,-0.0004239530106286869,0.12275548951019598,-0.023331640676500412,0.4
6.293315887451172,0.20230894662728546,0.43165320783581995,0.11916394644844729,-0.0036255901548106484,0.4
6.3035500049591064,0.0068010609731093885,0.009461661340138663,0.0839853917017889,-0.05057932480246509,0.4
6.313721656799316,-0.06606186601876778,0.20749138624164015,0.050645533314928326,-0.07300772432068824,0.4
6.323891878128052,0.08631869262873004,-0.006602103004656854,0.05733040677553289,-0.09413042711521263,0.399
6.334065675735474,0.09167829856864818,0.2010135140117336,0.054377328075255485,-0.154620610498738,0.399
6.344277620315552,0.05611905270427797,-0.04239393581907359,0.030151224912563793,-0.08777384197436856,0.399
6.354471921920776,0.04229504517888937,0.18934304575996783,0.0741432180871899,-0.08362726898914208,0.399
6.364646911621094,0.029570612364335728,0.205192951230068,0.1471044159722719,-0.13344269238869486,0.394
6.374826908111572,-0.006760231650347227,0.211752382348334,0.1485394194118497,-0.10271550898275808,0.394
6.385000944137573,0.16432842482424412,-0.007983378789454886,0.13199437056515245,-0.012689492051883855,0.394
6.395171642303467,-0.04732956769700874,-0.023584190127692035,0.13223972512809906,-0.010780184890876454,0.394
6.405404329299927,0.007818639117441963,0.20239909158379374,0.07727481745789931,-0.01821763946451227,0.394
6.415580987930298,0.23916305278343328,0.14285700125172782,0.10935579242393745,-0.011120420753515395,0.394
6.425781011581421,-0.023506657952990208,-0.056289587211147976,0.08390786552713456,-0.08285107354965399,0.398
6.435956001281738,-0.09539740996038044,-0.05025745423590612,0.02485187460753535,-0.11489870940637206,0.398
6.4461236000061035,-0.07640581189054484,0.00023590742377520258,0.02003017290620395,-0.10114302394488046,0.398
6.456354856491089,0.06744948836530676,-0.0058715363698211035,0.012595677412857834,-0.08203557587909222,0.398
6.46651816368103,0.26527033135069705,0.42802395799276516,0.005877021527650749,-0.12688274120508486,0.4
6.476698160171509,0.03170375887225337,-0.02107600329413823,0.11440224647712036,-0.147843379303955,0.4
6.486861705780029,-0.06555760282033377,-0.07405517118925675,0.09661630948131925,0.010510897160225005,0.4
6.497025012969971,0.13042820751716946,-0.07930280897416045,0.11770190316526549,-0.0005608972304380205,0.4
6.507189035415649,0.19811646557842152,-0.0453176150542741,0.1637690481324075,0.06490072565295843,0.4
6.517415761947632,0.30017927209829015,-0.04884562823191784,0.14079726919223642,0.016129722530098187,0.4
6.527617931365967,-0.01589415501190893,0.18305714857172495,0.16421446175580373,-0.0012060524445370452,0.397
6.537835359573364,-0.015986700857933876,0.1406527614742202,0.04946123094455249,-0.040874954365465614,0.397
6.548062801361084,-0.00018336825314914701,-0.0500601007659807,0.012939376728007174,0.01817063579686401,0.397
6.558429479598999,0.17252222087484512,-0.023840025162319256,0.0776042992544873,-0.0455700044407028,0.397
6.568625450134277,-0.11557721396767161,-0.026281832157068568,0.07203736217049062,-0.026986401237451198,0.398
6.578848838806152,0.21357645214306056,0.18700537348308413,0.06689479023027112,0.07075818038032762,0.398
6.589028358459473,-0.06949842970428557,0.014210649004802171,0.11095948479941385,0.08117360309708671,0.398
6.599201440811157,0.05833977942592182,0.02023303670595535,0.10845601317521011,0.013673079009025813,0.398
6.609555006027222,-0.08306631299859989,0.18303005451202134,0.09510763276160458,-0.006187089805879259,0.398
6.619835615158081,0.13926156111826096,-0.047966337687730294,0.059852036385364696,-0.033218511210414844,0.398
6.630008697509766,0.19492376321993224,-0.03327867755004243,0.009448293863332818,-0.001191061268816837,0.399
6.640175104141235,0.2329419172461655,-0.03057842632494369,0.03168793942465644,-0.023665619346015014,0.399
6.650425910949707,0.006587315320183343,-0.014153131619038231,0.07572010665146302,-0.024146426282233645,0.399
6.660609006881714,0.10450943809632615,0.19804327630074553,0.10051440759622521,0.001239147036754415,0.399
6.670785427093506,0.07438043594921528,0.03765971259964847,0.1305124361784381,0.020969651580310444,0.398
6.680971622467041,0.2719295164577695,-0.018957692599880557,0.13594121076996193,0.04958044931655871,0.398
6.691190481185913,-0.09350114382753887,0.17020509837771775,0.08695889760882033,-0.002236644321479221,0.398
6.701442718505859,-0.037715054327753836,-0.06208776706424027,0.03651226903144606,0.025440519005789405,0.398
6.711629390716553,0.23897302345736943,-0.09843219305027838,-0.00043579498056838667,0.08641198534651898,0.398
6.721802234649658,0.19555220193814515,-0.042972516665504494,0.10491131710908197,0.04122648028709007,0.398
6.731972932815552,0.2889176632090014,-0.031203404464467403,0.09907114767432143,0.14519808728673056,0.4
6.742143392562866,0.1892684144073796,-0.018567284600218354,0.12715246890709606,0.10190965688647685,0.4
6.752398729324341,0.0159717469272632,-0.04644675127784435,0.1410683351563558,0.008421221478961849,0.4
6.7625732421875,0.03271771644283444,-0.02105490364130217,0.08334069577661882,0.08060849674229617,0.396
6.772770881652832,-0.02044846864237386,-0.04140985461248414,0.05957565423729235,0.06647939254538338,0.396
6.782993793487549,-0.047090316538778966,-0.007013084054244662,0.05040900088625001,0.03686560896002863,0.396
6.793194055557251,0.03196268467226577,-0.23750053806969076,0.05227654373000994,0.07133870121890734,0.396
6.803433656692505,0.004077867535416615,-0.04921067342210801,0.04656577407650979,0.0829408359179416,0.396
6.813607931137085,-0.04504588080521433,0.16887607273205127,0.12456971004145678,0.1069761617799278,0.396
6.823784112930298,0.19429506422173567,0.11458887198178767,0.15392605574942475,0.072379544868063,0.4
6.833956718444824,-0.030122245624573045,-0.033736324862332315,0.13654524849332184,0.10817447773584038,0.4
6.844127655029297,0.15018868260575854,-0.011176633671766316,0.05955299781040907,0.08585661671874473,0.4
6.854367733001709,-0.10213339070931704,0.07683347709271032,0.10425528408136739,0.026067344362367822,0.4
6.864534616470337,0.03883581836098363,0.06563324873111506,0.07793223887412778,0.0099193633180733,0.4
6.874699831008911,-0.02059648609856088,-0.046169671249024144,0.06385931844019269,0.03707142058396856,0.4
6.8848772048950195,0.0011217593587960566,-0.0806932948654175,0.13235265004760546,0.09347547758254768,0.4
6.895093202590942,0.16433252000656057,0.1439382559225285,0.16642290371851934,0.10446064281137178,0.4
6.905649662017822,0.0017911929065375584,-0.25196801833959853,0.19025395206683546,0.10913764327149367,0.4
6.9158430099487305,-0.005306867285368273,-0.039761504568322524,0.1923837086334449,0.11634264889418253,0.4
6.926076173782349,0.04710293829184446,0.19636793288656465,0.1169413489987193,0.14092447281638104,0.401
6.9363744258880615,-0.0057064510277267475,-0.02454133412095818,0.11724590653414013,0.1164330095082923,0.401
6.946563720703125,0.10875752125125401,0.02717232715855381,0.08072980426974392,0.0874790640086541,0.401
6.956787347793579,0.03358036158661029,0.03913799282065133,0.05739052214154426,0.11856885880682673,0.401
6.9670116901397705,0.03698520197473396,0.009681282617332884,0.07229701138991966,0.1470307590474404,0.402
6.977196931838989,0.07495530242583785,0.0006211276698774882,0.12457048573501166,0.13632436293003825,0.402
6.987434148788452,-0.08841962862704993,0.16702649247007836,0.18465909106406106,0.10172506595489814,0.402
6.997610330581665,0.03606194099928946,-0.04644869499770758,0.11223077127958819,0.10971353444758318,0.402
7.007781505584717,-0.0022144159187394144,-0.04118977934752812,0.1267938779173585,0.042141605642204046,0.402
7.017999649047852,-0.013939745442477591,-0.04205021431952499,0.0417224911907549,0.07725756360876457,0.402
7.028390407562256,0.08286813686968376,0.19282527566288893,0.031911394947784166,0.10919644495810288,0.405
7.0386271476745605,0.34809914030451305,0.004917286889094583,0.0860763808724085,0.11842023897072486,0.405
7.048808813095093,-0.20763622716284563,0.008147471085974247,0.12007358026895762,0.1770904193519584,0.405
7.058979272842407,0.2074645455109493,0.43966246974794454,0.1342130117086617,0.11142789011729105,0.405
7.069150924682617,0.0004917380232514218,0.01712460298931055,0.12712957182933013,0.07794586217822386,0.403
7.07938027381897,0.06770063876310374,-0.00958260273794246,0.043919871297230996,0.07547780410747534,0.403
7.089597702026367,0.04120568534478046,0.1839716590027343,0.036155235778688774,0.08105857644034686,0.403
7.099768877029419,-0.05387699452918451,-0.008369507433177614,0.05969675084062564,0.15139450722273273,0.403
7.109943389892578,0.22555588053947473,0.12068976197847633,0.17860323890975444,0.15824296622519934,0.403
7.120117425918579,0.021032183248791973,-0.015828635663022915,0.1047285715677862,0.16378275178741064,0.403
7.130411386489868,0.2527016688735842,0.01921046135480626,0.08774155296136835,0.13650275295845252,0.407
7.140585899353027,-0.02482663436374328,0.05624516352581513,0.061491024557082226,0.0652257932275021,0.407
7.150759935379028,0.04559054158335981,0.22709540539042913,0.03488686233602409,0.03467471881275668,0.407
7.160924911499023,0.06485826309660565,-0.026873920450626664,0.047341765128642146,0.10141818968444274,0.407
7.17109227180481,-0.07646503872636702,0.00708509075138323,0.07212269036279492,0.1416706552269922,0.401
7.181412220001221,0.21576390554520442,0.19111538538448383,0.13578763380852818,0.1180456797673855,0.401
7.191587924957275,0.07429595270550553,-0.020974430106661925,0.12941406510905612,0.05465864686826137,0.401
7.201757431030273,-0.024269387804262948,0.051605431784698244,0.058222162775788885,0.10584593400517399,0.401
7.211926221847534,-0.04562221397733355,0.28690967029056713,0.01319675412222137,0.08240970076058944,0.401
7.222095012664795,-0.011307845138816454,0.21782524602731917,0.004005912586477735,0.09254917932743897,0.401
7.232359886169434,0.06440231801923381,0.17818130746459393,0.09657317922474708,0.07955853877548304,0.402
7.242547512054443,-0.08279202607245743,0.015691618512484472,0.1708927349389827,0.1331705273568756,0.402
7.252782344818115,0.06106704042677064,0.023128337294542882,0.11850826327088534,0.15424279932613083,0.402
7.262966632843018,0.006027561601208245,0.08162855579779059,0.146977969217623,0.1093611057365166,0.397
7.2731568813323975,0.014130119209098305,0.4772498973846238,0.1720235883172545,0.07639032777050181,0.397
7.283371448516846,-0.046697430409396355,0.28111634569838967,0.05199925946350415,0.06974781569511723,0.397
7.293589115142822,0.21415968528430404,0.050688552587444945,0.056318691453544206,0.04130211648228968,0.397
7.303758859634399,0.006253399396463438,0.015332596201242122,0.04401933529857967,-0.029031571204085983,0.397
7.313935279846191,-0.007410706795657512,0.2225536844842445,0.07097677755734644,-0.047963808618505646,0.397
7.324150800704956,0.23347728618591504,0.2099039113483391,0.06119382547075986,-0.12084873554579148,0.395
7.3344643115997314,0.014613216820804355,0.0036677032188780377,-0.0002145632623717017,-0.018371724818565468,0.395
7.345701694488525,-0.01806901131275179,0.22637292746064075,0.07291013027100843,0.0864384793577262,0.395
7.355947017669678,0.006422318574402417,0.015242455093581547,0.0849070950307853,0.04697073667251376,0.395
7.366180419921875,-0.016887678264800126,0.24831572513324193,0.04420551097942221,0.07853724408871446,0.399
7.380080461502075,-0.05620283819043601,0.09295522543459264,0.05664653573795159,0.1283634432468065,0.399
7.3903727531433105,0.00107348834945023,0.24421758443480712,0.034146481609792334,0.05974966344507821,0.399
7.400575876235962,0.12117882107293014,0.013243269579699499,0.1372487310420381,-0.0033193584187166045,0.399
7.411967515945435,-0.01126167245148583,0.23121059395929797,0.17920991109453613,0.014205312612150273,0.399
7.4225428104400635,0.11151127685785858,-0.02328911752755403,0.148817867601041,-0.0033145897364319013,0.4
7.432737827301025,-0.017478667751688916,0.2679095815420216,0.16570266279035517,0.025664322239529233,0.4
7.442902088165283,-0.012463538715641593,0.2872107287451956,0.07892868296685727,0.003473248589328168,0.4
7.45306658744812,-0.058277843320764376,0.22295670568731973,0.10873906286346358,0.026024004060606606,0.4
7.463223934173584,0.009270019451697668,0.3297952649125753,0.05902280806272051,0.010353377488879364,0.398
7.4734344482421875,0.04093893844511864,0.26167694270197644,0.04388223685206476,-0.04452023879612852,0.398
7.4836413860321045,-0.009752375872931214,0.01739165986621247,0.03025771280208959,-0.053094935209944454,0.398
7.493799448013306,-0.0037325131947554486,0.21384326246053909,0.028476515248894416,0.006457418155704969,0.398
7.503960847854614,0.13884098459433838,0.28041105600514865,0.08427451991603893,-0.017430423187041397,0.398
7.514124870300293,0.015268479138390327,0.2620592406397722,0.04652719831405856,0.0008922525662833636,0.398
7.52434229850769,0.10117401472970729,0.02429499248463591,0.04551295659797777,0.01839316252266203,0.399
7.534597873687744,0.08496366793645406,0.18783301394926738,0.04691232579404253,-0.020947580574595837,0.399
7.544795274734497,-0.04759310735932981,0.012979820902776175,0.07474755056990016,-0.0793889925045877,0.399
7.554986953735352,0.02745552592730413,0.05802540433006118,0.025442548198209167,-0.05838515261947833,0.399
7.5652101039886475,0.13622942054595152,0.27249932749462574,0.0625010485434064,-0.023342225863878782,0.403
7.5754311084747314,-0.03651382718291511,0.22717525423199023,0.13550703819360962,-0.02703634013115877,0.403
7.585618495941162,-0.06164482091192888,0.002386031472475308,0.1034376779063474,-0.09395848111366532,0.403
7.595787763595581,-0.14113460187962465,0.22339322098049588,0.0799090600062383,-0.08757758590006776,0.403
7.605971097946167,-0.0021447056817753924,-0.005363166734631185,0.03679675819994564,-0.09492778353330862,0.403
7.6161415576934814,0.11132021904808262,0.008879156793209402,0.03999865850000809,-0.13912369356405552,0.403
7.6264283657073975,0.08753205433292079,0.2748333121530614,0.03529819938281691,-0.09421350503606854,0.401
7.6366658210754395,0.09598923943690287,0.04955022673957991,0.085963219911079,-0.08998299842121554,0.401
7.6468329429626465,0.0019821416305312108,0.02657124419793906,0.1555011714553337,-0.07500398449580634,0.401
7.65700364112854,0.00020002574178605546,-0.029729623665769183,0.07692606310073938,-0.10672945098211266,0.401
7.667176008224487,0.01070750096255907,0.039932428325736055,0.025701186213980824,-0.10094098288102002,0.401
7.677369594573975,-0.02961516071890696,0.018687503096153326,0.023980777009104327,-0.0893002224325613,0.401
7.6876726150512695,0.022048787654617347,-0.0001496511650455646,0.04379233143633796,-0.0480862459116117,0.401
7.697893381118774,0.20469165712721868,0.028103712638421017,0.03245989544837056,-0.0033866796692494094,0.401
7.7080841064453125,0.016637706490520775,0.2667965442571653,0.07117865034044144,-0.06679868923999627,0.401
7.718371391296387,0.026532075463862784,0.19733568624231626,0.12367519588481245,-0.08694908313275736,0.401
7.728556871414185,-0.004991480553841748,-0.0015438796127117712,0.08880572309946014,-0.06313644907048264,0.402
7.738725423812866,0.17672758412215026,0.04961404291898188,0.0114932918060405,-0.10337866096331953,0.402
7.7488977909088135,0.0007586444634586583,-0.03002153741338593,0.04295109642168804,-0.11878510027466868,0.402
7.759070873260498,0.21933269621098364,-0.008184241595131482,0.011255251082090884,-0.10935693588364016,0.402
7.769242286682129,-0.03728957516598101,-0.009738048489738227,0.046714205218199675,-0.08239288001939102,0.4
7.779450178146362,0.12809831790236995,0.10111095813820388,0.07341697010279523,0.0007099907409843231,0.4
7.7898595333099365,-0.019431085974948647,0.04580010450369082,0.09564185444035891,-0.03920774001781904,0.4
7.800088405609131,-0.012737142270078923,0.04629222328427141,0.07517094480611393,-0.11250342105781609,0.4
7.812188148498535,0.1550023283994778,0.1684824990342893,0.03987538370920941,-0.1463306008021889,0.4
7.8225789070129395,0.199987551105823,0.023642941617624827,0.0007114556701032409,-0.06135188806616293,0.4
7.832835912704468,0.035589611964519784,-0.027433751392305698,0.08793521251189496,-0.03549125880124138,0.404
7.843100070953369,-0.022437742670043583,-0.08385551445131141,0.10371998883873751,-0.05755905054986393,0.404
7.85355544090271,0.017475426269057813,-0.104821659728698,0.059130773787544,-0.05929734969648702,0.404
7.8638176918029785,-0.07508018904622692,-0.2450388621300998,0.04970034526606519,-0.13434277354505572,0.402
7.874033451080322,0.05841047830500357,0.014356042193100861,0.017536534291834324,-0.0897235442970449,0.402
7.884256839752197,0.10481478115605683,0.08005551857945785,0.009339658936718806,-0.029470900052004034,0.402
7.894523620605469,-0.03178003275704654,-0.18518239566977857,0.1018134386251608,-0.0008322850269913973,0.402
7.9047465324401855,0.143372131822701,0.27550541696638453,0.13880767770444202,0.0007583302962553828,0.402
7.914904594421387,0.19963698952317424,0.0802019582506872,0.1355596937854779,-0.07488043166888626,0.402
7.925066232681274,0.13711278010190459,0.01724887218524334,0.06599795433457324,-0.07937001548894972,0.406
7.9352264404296875,0.1691141497706301,-0.014911766903946504,0.05849949887759212,-0.1251746573992414,0.406
7.945492744445801,-0.007670357075151055,0.011153332927614999,0.046095884950663295,-0.08072305261394157,0.406
7.955695152282715,0.34726001192591915,0.009305106628226019,0.11951937302497208,-0.06458703971753482,0.406
7.965866327285767,0.2484440093024234,0.04988107094361496,0.14343535297405982,-0.0841182886334436,0.407
7.976035833358765,-0.07690029270814591,-0.16537802265662585,0.07804432202150745,-0.07813231247476543,0.407
7.986234903335571,0.20244743035130702,0.07510165572353493,0.1113562104389324,-0.11996149445704958,0.407
7.996539354324341,-0.054340254759244956,0.28774105830500046,0.06746708091828063,-0.06753136568817739,0.407
8.006748676300049,0.1794936980255434,0.05157492527446761,0.12076670107241844,-0.08270459304952602,0.407
8.016917705535889,-0.07123021527253505,0.040262209424766535,0.14713067929570017,-0.04916336592741985,0.407
8.027200937271118,-0.0855934608153751,-0.15851492243922546,0.14433129245212148,-0.09829224275085469,0.403
8.037519931793213,-0.024126059756554945,-0.014174594613807101,0.09055905637034836,-0.08949357329048041,0.403
8.047740936279297,0.44283869869222586,-0.09696296372037061,0.07511174256550802,-0.08492858656567617,0.403
8.057952404022217,-0.060986803071860704,-0.5317640833548691,0.13584841524808236,-0.06369864270150483,0.403
8.068167209625244,-0.048805157557034344,-0.30926377773294966,0.21971687753987268,-0.041316267688398606,0.404
8.08027958869934,0.19886306865401732,-0.2137440691207192,0.1957385703547283,-0.05817971319605597,0.404
8.090587139129639,0.19795415901763241,0.16823206500374607,0.1463400338913894,-0.07180510182719854,0.404
8.100924491882324,-0.04780679657972592,0.2154146027380109,0.14073691799900598,-0.08980083923663722,0.404
8.111233472824097,-0.08481756599563763,0.19319678801118212,0.14725690624350107,-0.1039500504998582,0.404
8.121544599533081,0.39138099430954826,0.07830381515949308,0.15921242014797793,-0.08671894329005295,0.404
8.131846904754639,0.2444991388570984,0.09090712893560751,0.1834333488270404,-0.14351310321665278,0.399
8.14214563369751,0.1108772804401256,0.04932693455519738,0.17311871539023388,-0.21080054660662764,0.399
8.152480363845825,-0.005005534056856617,0.05798939592302516,0.11562812082951751,-0.2036624167352215,0.399
8.162707805633545,-0.0021955701909821203,-0.01175528952463185,0.09313678330859214,-0.16677145322259307,0.404
8.172905921936035,-0.06970500368525114,-0.03797687033444978,0.14074650022149915,-0.15498643231769788,0.404
8.183079481124878,-0.0025547401454926984,0.013742766723219819,0.1953967834130328,-0.12564412578142978,0.404
8.193275213241577,0.004854339109339068,0.05571338000433055,0.2453100093682714,-0.17581842796398534,0.404
8.203614711761475,0.33983919260307915,0.0409708263703025,0.1970802482561384,-0.21642781088595825,0.404
8.213799476623535,-0.08643795703550378,-0.2686705497128786,0.13587014146248053,-0.1841303388172844,0.404
8.223987579345703,-0.0015268510665714299,-0.49347083186888385,0.09235475381530701,-0.14635355244996784,0.404
8.234162092208862,-0.054126217533116056,-0.29319226941120513,0.08910218768621804,-0.12637977072352952,0.404
8.244345426559448,0.05175733572804738,-0.013449030556101688,0.08518961824126305,-0.1325596788831541,0.404
8.25455093383789,0.008888366619490594,-0.41146331419764137,0.23288407422156432,-0.1537114422399636,0.404
8.264730215072632,0.2129056121674763,-0.2823840622330492,0.2190368394683298,-0.1035343100412155,0.404
8.274919033050537,0.27736376867045376,-0.7271309993371483,0.1692482186888224,-0.17062980835955072,0.404
8.285470962524414,0.19787337058136098,-0.6229699232260778,0.12227884586352712,-0.20456778621766278,0.404
8.29723310470581,0.1778964466679351,-0.5630391514858002,0.12227884586352712,-0.20456778621766278,0.404
8.307982921600342,0.003716034579161728,-0.04049624543351554,0.111472297303533,-0.18787367835765567,0.404
8.31856894493103,-0.04485836511336166,-0.681867966124444,0.1888474790207014,-0.08481853868384231,0.404
8.328840732574463,-0.01431168736085758,-0.6716743020136041,0.19090299119077864,-0.06294183937308792,0.403
8.339106559753418,0.048343377417500666,-0.11400555358966556,0.14083521169759164,-0.08074617739236437,0.403
8.34953260421753,0.3991135987914688,-0.5666661529450885,0.1391897699090452,-0.12668734491496975,0.403
8.359952211380005,0.05880382704585007,-0.5459813886601669,0.17807298997818696,-0.052472652598757885,0.403
8.370239019393921,0.07856807099464756,-0.517859550573598,0.1670201669807181,-0.016490188939936257,0.402
8.380669832229614,0.07670411223339459,-0.7153112843453583,0.1960108276082808,-0.01844609428065344,0.402
8.391999959945679,-0.04050706084330261,-0.30616397952765495,0.2220347695823126,-0.0009119072535221651,0.402
8.40224289894104,0.21682515776028966,-0.7169513571642121,0.12176729695463612,-0.04031184181132624,0.402
8.413058757781982,0.2027463519514499,-0.31753275809940185,0.16394241405239077,0.011072321424808435,0.402
8.423394203186035,-0.08876962944219656,-0.7132133373186808,0.24520073115463556,0.01106358530708526,0.402
8.433695793151855,-0.09498331056527508,-0.5801119213089142,0.22347337827062355,0.011703987727845755,0.402
8.443980693817139,0.03984433728220831,-0.583247757298911,0.1440840490160477,-0.029356621152886925,0.402
8.454425811767578,0.0014493522534400846,-0.6043995232601554,0.11705354803737801,0.09499551701787154,0.402
8.464689016342163,0.04037057599934344,-0.5246376456938506,0.16057742593968236,0.11866692358264733,0.396
8.47490668296814,0.09826556873805965,-0.6679532279305407,0.15446844262477488,0.11925249848622577,0.396
8.485158205032349,0.14335916346668687,-0.4814404276444502,0.1808700789894956,0.10222746993537392,0.396
8.495381116867065,-0.046236539852844184,-0.23425658089284696,0.17432538380312898,0.17149959213763535,0.396
8.505712509155273,0.17771146085962658,-0.23818817522793417,0.13619602818397294,0.19565886374107852,0.396
8.51593542098999,0.03210907388552444,-0.23553778322011523,0.07372342963315842,0.09868358606553054,0.396
8.52613377571106,0.008572351576244284,-0.6753907392955105,0.11647371667773891,0.15253510565320377,0.397
8.536386013031006,0.2571356593905589,-0.42092183862275195,0.1693013973934762,0.1399107011888919,0.397
8.546633005142212,0.06566526233700534,-0.7568466855632304,0.19893587448967714,0.196390859409242,0.397
8.55690860748291,0.12270921482362361,-1.286924779778288,0.13140121649259848,0.18078044846157196,0.397
8.567240476608276,-0.04195835268936035,-1.0446234471257612,0.06145336190773097,0.1600106927870864,0.395
8.578510999679565,-0.1161903998425965,-1.3167282965473548,0.06370544817446694,0.33362458827920094,0.395
8.588852882385254,0.25568062938806363,-0.92251762723492,0.1079022531411836,0.40768806826279613,0.395
8.599172353744507,-0.04109220878790639,-0.26926422656633164,0.1291038210045281,0.379342698630702,0.395
8.609478235244751,-0.061270573856832496,-1.2603749966298794,0.14561822443817804,0.4757176585867103,0.395
8.619699954986572,0.10526050832446433,-0.47576861805912085,0.12533208275057978,0.42455673042823205,0.395
8.630702018737793,-0.08149076826011117,-0.8868645132786955,0.04831225736863813,0.5353570589669006,0.393
8.64090895652771,0.08596291685452129,-0.3337648681608475,0.00866866667389602,0.473329170144106,0.393
8.651229619979858,0.3287773524872437,-0.6049330769345719,0.04466957637076281,0.4998493417371496,0.393
8.665224075317383,0.019577814907142888,-0.4607020023467739,0.16251485569490534,0.5072283975241522,0.397
8.675670623779297,-0.021492097857963237,-0.48924941008404854,0.18575233602061397,0.5520338330246236,0.397
8.686314582824707,0.021430047159225654,-0.28655689705551235,0.0546897169585899,0.5786594108953917,0.397
8.69685411453247,0.21166968250271617,-0.2732567879895149,-0.032922953533308,0.5725577768112627,0.397
8.707083225250244,-0.18124657989023893,-0.4905930857086693,0.06521620449791354,0.526321533655147,0.397
8.717275381088257,0.05260573378314671,-0.03718960723456363,0.13771191411916353,0.5836788833874222,0.397
8.727500915527344,-0.054530120853339,-0.029053865627874806,0.15712949181460223,0.6077756119478035,0.403
8.737701654434204,0.2571145615413242,-0.2190026147042751,0.10074697389542417,0.6549428476705229,0.403
8.747981071472168,-0.1720240543448581,-0.1892310940764473,-0.00995254237374952,0.5807933383396208,0.403
8.758899211883545,0.13261122312495038,0.00010812854484062656,0.034083203797449065,0.5573346284526917,0.403
8.769090414047241,0.006812253614146612,0.035377388965520166,0.11050396574222504,0.5468471470389343,0.402
8.779438495635986,0.004511544993398526,0.07584567122095771,0.07244558510411493,0.5129459280882073,0.402
8.789785146713257,0.05335057682539144,0.102501221908386,0.00500392434103647,0.532392018102426,0.402
8.800837755203247,0.038779992558026714,0.10728341774806557,0.08515565231358904,0.5339753614427475,0.402
8.811027765274048,-0.013482485846870135,0.10586095537739104,0.12773684818395897,0.5070848842035421,0.402
8.822430610656738,-0.01904296123813685,0.15175740044096703,0.0711957322924219,0.5286014391108503,0.402
8.83265495300293,0.017558682750975503,0.08097995149221193,0.0618897153786775,0.4495619594036836,0.405
8.84440302848816,-0.014798284240924841,0.09349211985673284,0.07022396343070678,0.44607814892689374,0.405
8.854690313339233,0.015765970509127605,0.09667909331733014,0.08138401049751486,0.4968833879732006,0.405
8.864967584609985,-0.04071749327693623,0.5572927292180477,0.04098271461780508,0.4169146317372303,0.406
8.875274419784546,-0.0981919043839863,0.12482415988426063,-0.008909973048854533,0.3693434386236219,0.406
8.887822151184082,0.0896748687462485,0.48800529669842585,0.09635569208600071,0.45222747952858605,0.406
8.89834189414978,0.08966748999828253,0.5509209529791956,0.09276946775124262,0.4285550296350732,0.406
8.90866494178772,-0.009262887782107892,0.3944998715636292,0.09013216638663607,0.3357826331475826,0.406
8.919041395187378,0.05931416983269257,0.39571453330772005,0.11184042528543942,0.3964058398698043,0.406
8.929309368133545,-0.0177772757278391,0.8097441483201621,0.0904649147778602,0.40337718838814685,0.406
8.943022727966309,-0.14554150867935142,0.1895783659429305,0.06610044630316239,0.4024959800893244,0.406
8.95324420928955,0.03616125526603996,0.3450989329857409,0.0018362235443271577,0.3106518276660663,0.406
8.96346402168274,-0.055703562366824,0.725974006670432,0.09616663827601327,0.3022545248930123,0.406
8.973668813705444,-0.21226521511590926,0.18511742269544068,0.09536747901586148,0.20412906912690537,0.406
8.983866930007935,0.11810899429993173,0.5806711488614608,0.04412119069202777,0.26671378313247374,0.406
8.994076013565063,0.09669104100521056,0.6114036793803155,0.07017297903351083,0.2186813257617752,0.406
9.004613161087036,-0.012891969694619981,0.1792038545335567,0.007587591524639489,0.12866614415288857,0.406
